,link
0,https://www.imovirtual.com/pt/anuncio/apartamento-t3-centro-historico-de-evora-arrendamento-ID15UhC.html#3d6685ac36
1,https://www.imovirtual.com/pt/anuncio/apartamento-novo-centro-historico-ID13jsR.html#c69266574f
2,https://www.imovirtual.com/pt/anuncio/apartamento-t4-ID15DeA.html#fb787ae7a1
3,https://www.imovirtual.com/pt/anuncio/apartamento-t4-setubal-ID15Nn0.html#b0bc9270ad
4,https://www.imovirtual.com/pt/anuncio/alugo-studio-mobilado-na-suica-bern-wankdorf-ID15Qg4.html#395c24326e
5,https://www.imovirtual.com/pt/anuncio/apartamento-t6-duplex-cascais-ID14CEV.html#1edfb5e917
6,https://www.imovirtual.com/pt/anuncio/fantastico-apartamento-mobilado-e-decorado-a-estrear-ID15ruP.html#3449584e10
7,https://www.imovirtual.com/pt/anuncio/apartamento-t6-rua-da-gloria-ID13pjy.html#6a1d6738f5
8,https://www.imovirtual.com/pt/anuncio/apartamento-t9-renovado-junto-a-avenida-da-liberdade-ID14L3J.html#acb9171ec0
9,https://www.imovirtual.com/pt/anuncio/apartamento-t9-remodelado-junto-a-avenida-da-liberdade-l-ID15ogd.html#ed8763be84
10,https://www.imovirtual.com/pt/anuncio/apartamento-t9-renovado-junto-a-avenida-da-liberdade-ID14L3J.html#acb9171ec0
11,https://www.imovirtual.com/pt/anuncio/apartamento-t9-remodelado-junto-a-avenida-da-liberdade-l-ID15ogd.html#ed8763be84
12,https://www.imovirtual.com/pt/anuncio/saiba-mais-sobre-este-fantastico-imovel-oportunidade-unica-ID136Lu.html#192065ab3a
13,https://www.imovirtual.com/pt/anuncio/apartamento-luxuoso-e-espacoso-para-viver-em-familia-na-cidade-mas-com-ID14BIy.html#a2f8bb9f8b
14,https://www.imovirtual.com/pt/anuncio/armazems-com-90m2-no-lumiar-ameixoeira-lisboa-ID15HOm.html#b7fe956c4d
15,https://www.imovirtual.com/pt/anuncio/alugo-fantastico-t6-junto-a-areeiro-renovado-por-arquiteto-ID15me1.html#f908c770f0
16,https://www.imovirtual.com/pt/anuncio/t3-rua-costa-cabral-ID13V89.html#2b1d62a68c
17,https://www.imovirtual.com/pt/anuncio/quarto-duplo-r-costa-cabral-ID11sEU.html#95138969fc
18,https://www.imovirtual.com/pt/anuncio/t5-sem-vizinhos-ao-metro-mobilado-e-com-terraco-ID15RDO.html#5c439554bd
19,https://www.imovirtual.com/pt/anuncio/apartamento-t5-ao-metro-de-salgueiros-ID15kbO.html#de272a915e
20,https://www.imovirtual.com/pt/anuncio/maravilhoso-apartamento-t2-no-centro-historico-de-braga-ID15Rfc.html#be2ee4db6e
21,https://www.imovirtual.com/pt/anuncio/t4-duplex-em-pedroucos-a-2-5-kms-do-h-s-joao-ID13rde.html#48709c8f07
22,https://www.imovirtual.com/pt/anuncio/apartamento-estudio-t0-para-arrendamento-mobilado-no-porto-ID15Uqq.html#3d6685ac36
23,https://www.imovirtual.com/pt/anuncio/garden-luxury-studios-ID15SMt.html#988cf73739
24,https://www.imovirtual.com/pt/anuncio/t0-novos-h-s-joao-ID15pAC.html#f908c770f0
25,https://www.imovirtual.com/pt/anuncio/apartamento-t0-arrendamento-em-pedroucos-maia-ID15BlU.html#fef6b59a0f
26,https://www.imovirtual.com/pt/anuncio/apartamentos-t0-e-t1-polo-universitario-ID15ABv.html#1fe7669dfb
27,https://www.imovirtual.com/pt/anuncio/apartamento-estudio-t0-para-arrendamento-mobilado-no-porto-ID15Uqq.html#3d6685ac36
28,https://www.imovirtual.com/pt/anuncio/garden-luxury-studios-ID15SMt.html#988cf73739
29,https://www.imovirtual.com/pt/anuncio/t0-novos-h-s-joao-ID15pAC.html#f908c770f0
30,https://www.imovirtual.com/pt/anuncio/apartamento-t0-arrendamento-em-pedroucos-maia-ID15BlU.html#fef6b59a0f
31,https://www.imovirtual.com/pt/anuncio/apartamentos-t0-e-t1-polo-universitario-ID15ABv.html#1fe7669dfb
32,https://www.imovirtual.com/pt/anuncio/apartamento-estudio-t0-para-arrendamento-mobilado-no-porto-ID15Uqq.html#3d6685ac36
33,https://www.imovirtual.com/pt/anuncio/garden-luxury-studios-ID15SMt.html#988cf73739
34,https://www.imovirtual.com/pt/anuncio/t0-novos-h-s-joao-ID15pAC.html#f908c770f0
35,https://www.imovirtual.com/pt/anuncio/apartamento-t0-arrendamento-em-pedroucos-maia-ID15BlU.html#fef6b59a0f
36,https://www.imovirtual.com/pt/anuncio/apartamentos-t0-e-t1-polo-universitario-ID15ABv.html#1fe7669dfb
37,https://www.imovirtual.com/pt/anuncio/apartamento-estudio-t0-para-arrendamento-mobilado-no-porto-ID15Uqq.html#3d6685ac36
38,https://www.imovirtual.com/pt/anuncio/garden-luxury-studios-ID15SMt.html#988cf73739
39,https://www.imovirtual.com/pt/anuncio/t0-novos-h-s-joao-ID15pAC.html#f908c770f0
40,https://www.imovirtual.com/pt/anuncio/apartamento-t0-arrendamento-em-pedroucos-maia-ID15BlU.html#fef6b59a0f
41,https://www.imovirtual.com/pt/anuncio/apartamentos-t0-e-t1-polo-universitario-ID15ABv.html#1fe7669dfb
42,https://www.imovirtual.com/pt/anuncio/apartamento-estudio-t0-para-arrendamento-mobilado-no-porto-ID15Uqq.html#3d6685ac36
43,https://www.imovirtual.com/pt/anuncio/garden-luxury-studios-ID15SMt.html#988cf73739
44,https://www.imovirtual.com/pt/anuncio/t0-novos-h-s-joao-ID15pAC.html#f908c770f0
45,https://www.imovirtual.com/pt/anuncio/apartamento-t0-arrendamento-em-pedroucos-maia-ID15BlU.html#fef6b59a0f
46,https://www.imovirtual.com/pt/anuncio/apartamentos-t0-e-t1-polo-universitario-ID15ABv.html#1fe7669dfb
47,https://www.imovirtual.com/pt/anuncio/alugo-apart-estudio-t0-junto-ao-hosp-s-joao-ID11D5v.html#20a315789c
48,https://www.imovirtual.com/pt/anuncio/lha1733-apartamento-t8-no-chiado-para-arrendar-ID13mY2.html#88a9281248
49,https://www.imovirtual.com/pt/anuncio/t6-lareira-2-suites-elevador-3-lug-gar-arrumos-c-rei-foz-ID15OKN.html#574425db52
50,https://www.imovirtual.com/pt/anuncio/apartamento-t6-para-arrendar-na-foz-cristo-rei-ID15LjT.html#66a2ac6d40
51,https://www.imovirtual.com/pt/anuncio/t6-lareira-2-suites-elevador-3-lug-gar-arrumos-c-rei-foz-ID15OKN.html#574425db52
52,https://www.imovirtual.com/pt/anuncio/apartamento-t6-para-arrendar-na-foz-cristo-rei-ID15LjT.html#66a2ac6d40
53,https://www.imovirtual.com/pt/anuncio/t6-duplex-mobilado-e-equipado-ao-mercado-abastecedor-ma-ID15Mef.html#46ef207380
54,https://www.imovirtual.com/pt/anuncio/t6-duplex-mobilado-e-equipado-ao-mercado-abastecedor-maiagest-ID15G3M.html#112977ea7d
55,https://www.imovirtual.com/pt/anuncio/t6-ou-superior-campanha-ID14FgT.html#5b25c43ff4
56,https://www.imovirtual.com/pt/anuncio/t6-duplex-mobilado-e-equipado-ao-mercado-abastecedor-ma-ID15PS5.html#11ff9f5598
57,https://www.imovirtual.com/pt/anuncio/t6-duplex-mobilado-e-equipado-ao-mercado-abastecedor-ma-ID15Mef.html#46ef207380
58,https://www.imovirtual.com/pt/anuncio/t6-duplex-mobilado-e-equipado-ao-mercado-abastecedor-maiagest-ID15G3M.html#112977ea7d
59,https://www.imovirtual.com/pt/anuncio/t6-ou-superior-campanha-ID14FgT.html#5b25c43ff4
60,https://www.imovirtual.com/pt/anuncio/t6-duplex-mobilado-e-equipado-ao-mercado-abastecedor-ma-ID15PS5.html#11ff9f5598
61,https://www.imovirtual.com/pt/anuncio/t6-duplex-mobilado-e-equipado-ao-mercado-abastecedor-ma-ID15Mef.html#46ef207380
62,https://www.imovirtual.com/pt/anuncio/t6-duplex-mobilado-e-equipado-ao-mercado-abastecedor-maiagest-ID15G3M.html#112977ea7d
63,https://www.imovirtual.com/pt/anuncio/t6-ou-superior-campanha-ID14FgT.html#5b25c43ff4
64,https://www.imovirtual.com/pt/anuncio/t6-duplex-mobilado-e-equipado-ao-mercado-abastecedor-ma-ID15PS5.html#11ff9f5598
65,https://www.imovirtual.com/pt/anuncio/t6-duplex-mobilado-e-equipado-ao-mercado-abastecedor-ma-ID15Mef.html#46ef207380
66,https://www.imovirtual.com/pt/anuncio/t6-duplex-mobilado-e-equipado-ao-mercado-abastecedor-maiagest-ID15G3M.html#112977ea7d
67,https://www.imovirtual.com/pt/anuncio/t6-ou-superior-campanha-ID14FgT.html#5b25c43ff4
68,https://www.imovirtual.com/pt/anuncio/t6-duplex-mobilado-e-equipado-ao-mercado-abastecedor-ma-ID15PS5.html#11ff9f5598
69,https://www.imovirtual.com/pt/anuncio/9-assoalhadas-central-e-mobilado-ID12wd2.html#026f188024
70,https://www.imovirtual.com/pt/anuncio/porto-t2-1-com-garagem-ID15NaS.html#31dc5fcb5d
71,https://www.imovirtual.com/pt/anuncio/t6-sem-fiador-150m2-ao-metro-marques-mobilado-e-equipado-ID15eqv.html#cd80207ce6
72,https://www.imovirtual.com/pt/anuncio/aluga-se-r-chao-t1-1-equipado-e-mobilado-ID15SBO.html#384a32b07c
73,https://www.imovirtual.com/pt/anuncio/aluga-se-t1-mobiliado-em-ermesinde-ID15t9r.html#485fb98e79
74,https://www.imovirtual.com/pt/anuncio/apartamento-t0-1-aveiro-centro-ID13nE8.html#ef4eae309d
75,https://www.imovirtual.com/pt/anuncio/praia-da-rocha-t0-piscs-estac-internet-50-met-mar-ID15Atu.html#fb787ae7a1
76,https://www.imovirtual.com/pt/anuncio/apartment-100-m-estrela-ID15OaO.html#4a33dbb04b
77,https://www.imovirtual.com/pt/anuncio/apartamento-em-santos-ID13Z9c.html#192065ab3a
78,https://www.imovirtual.com/pt/anuncio/arrenda-se-t0-no-centro-da-cruz-quebrada-ID15TtR.html#a14be53c48
79,https://www.imovirtual.com/pt/anuncio/apartamento-to-mobilado-e-equipado-ID15Td3.html#df958ad52a
80,https://www.imovirtual.com/pt/anuncio/t5-duplex-s-vitor-ID142yC.html#bd2d2b3632
81,https://www.imovirtual.com/pt/anuncio/estudio-com-patio-mobilado-e-equipado-no-beato-lisboa-ID15OVY.html#6568a085fa
82,https://www.imovirtual.com/pt/anuncio/alugo-estudio-com-patio-mobilado-e-equipado-no-beato-lisboa-ID15OVA.html#6568a085fa
83,https://www.imovirtual.com/pt/anuncio/estudio-com-patio-mobilado-e-equipado-no-beato-lisboa-ID15OVY.html#6568a085fa
84,https://www.imovirtual.com/pt/anuncio/alugo-estudio-com-patio-mobilado-e-equipado-no-beato-lisboa-ID15OVA.html#6568a085fa
85,https://www.imovirtual.com/pt/anuncio/apartamento-com-quartos-para-arrendamento-ID14bwg.html#887999129b
86,https://www.imovirtual.com/pt/anuncio/estudio-mobilado-e-equipado-rua-do-brasil-coimbra-ID15QCq.html#db5558795f
87,https://www.imovirtual.com/pt/anuncio/apartamento-t1-vialonga-ID15PkW.html#17866e1a81
88,https://www.imovirtual.com/pt/anuncio/t0-em-alverca-malva-rosa-ID14u5a.html#37fcb7a027
89,https://www.imovirtual.com/pt/anuncio/t3-1-proximo-do-parque-da-cidade-e-clip-junto-ao-metro-ID11v2l.html#30f923e9cc
90,https://www.imovirtual.com/pt/anuncio/arrendo-t0-matosinhos-ID15Osv.html#122da2ce1e
91,https://www.imovirtual.com/pt/anuncio/apartamento-4-estudantes-mesmo-sexo-5-min-cp-ID15Rdh.html#2dc28555e3
92,https://www.imovirtual.com/pt/anuncio/arrendo-t2-mobilado-ID15Upg.html#102456021f
93,https://www.imovirtual.com/pt/anuncio/apartamento-4-estudantes-mesmo-sexo-5-min-cp-ID15Rdh.html#2dc28555e3
94,https://www.imovirtual.com/pt/anuncio/arrendo-t2-mobilado-ID15Upg.html#102456021f
95,https://www.imovirtual.com/pt/anuncio/t5-duplex-junto-ao-belas-clube-campo-belas-sintra-ID14wl0.html#47c3a8289c
96,https://www.imovirtual.com/pt/anuncio/excelente-lugar-de-garagem-rio-de-mouro-ID15SWM.html#6331346537
97,https://www.imovirtual.com/pt/anuncio/t6-triplex-em-belas-ID13P3m.html#901d8bfa74
98,https://www.imovirtual.com/pt/anuncio/apartamento-t6-triplex-belas-ID14kHw.html#bd2d2b3632
99,https://www.imovirtual.com/pt/anuncio/t6-triplex-em-belas-ID13P3m.html#901d8bfa74
100,https://www.imovirtual.com/pt/anuncio/apartamento-t6-triplex-belas-ID14kHw.html#bd2d2b3632
101,https://www.imovirtual.com/pt/anuncio/apartamento-no-principe-real-com-vista-de-rio-para-alugar-10-asso-ID10b7S.html#2c387d5f5d
102,https://www.imovirtual.com/pt/anuncio/falagueira-venda-nova-t0-1-com-quintal-ID15TdA.html#9bb9dfbe2f
103,https://www.imovirtual.com/pt/anuncio/apartamento-penthouse-duplex-t8-1-avenida-da-republica-ID13tgy.html#8bfb206a41
104,https://www.imovirtual.com/pt/anuncio/apartamento-triplex-no-campo-grande-lisboa-ID11jeh.html#c9665bdc38
105,https://www.imovirtual.com/pt/anuncio/t2-em-real-com-garagem-ID15G8W.html#384e23de0e
106,https://www.imovirtual.com/pt/anuncio/apartamento-t3-1-arrendamento-em-real-dume-e-semelhe-braga-ID12sIk.html#ff01130c93
107,https://www.imovirtual.com/pt/anuncio/riachos-arrenda-t1-1-mobilado-e-c-despesas-incluidas-ID15OHS.html#b34879b65e
108,https://www.imovirtual.com/pt/anuncio/arrendo-t4-verderena-ID15H3v.html#225f1ac018
109,https://www.imovirtual.com/pt/anuncio/t1-super-espacoso-no-centro-da-zona-historica-de-tomar-ID15U8u.html#921f728113
110,https://www.imovirtual.com/pt/anuncio/arrenda-se-apartamento-duplex-t4-1-alameda-europa-covilha-ID147V1.html#ee2b969570
111,https://www.imovirtual.com/pt/anuncio/t2-leiria-arrendar-ID15TC1.html#a81510cec8
112,https://www.imovirtual.com/pt/anuncio/t5-em-alcantara-ID12RyS.html#255956d602
113,https://www.imovirtual.com/pt/anuncio/t4-1-cafe-corcel-boavista-porto-ID15jHa.html#330be0ba15
114,https://www.imovirtual.com/pt/anuncio/apartamento-t5-duplex-carvalhido-ID15eDE.html#ad5d6ee0b9
115,https://www.imovirtual.com/pt/anuncio/apartamento-t5-para-arrendamento-em-ramalde-ID15SnK.html#2c60d7116b
116,https://www.imovirtual.com/pt/anuncio/t5-remodelado-com-varanda-e-terraco-boavista-ID15SOo.html#b5f25c2f8d
117,https://www.imovirtual.com/pt/anuncio/t5-renovado-metro-maiagest-ID15Ga2.html#112977ea7d
118,https://www.imovirtual.com/pt/anuncio/fantastico-t5-totalmente-renovado-e-equipado-ID15gqt.html#330be0ba15
119,https://www.imovirtual.com/pt/anuncio/apartamento-t5-boavista-junto-ao-metro-ID12LXG.html#0979fab4d2
120,https://www.imovirtual.com/pt/anuncio/t5-renovado-metro-maiagest-ID15Jlw.html#8228d06f83
121,https://www.imovirtual.com/pt/anuncio/t5-boavista-ID15EdP.html#963f0ab90c
122,https://www.imovirtual.com/pt/anuncio/apartamento-t5-para-arrendamento-em-ramalde-ID15SnK.html#2c60d7116b
123,https://www.imovirtual.com/pt/anuncio/t5-remodelado-com-varanda-e-terraco-boavista-ID15SOo.html#b5f25c2f8d
124,https://www.imovirtual.com/pt/anuncio/t5-renovado-metro-maiagest-ID15Ga2.html#112977ea7d
125,https://www.imovirtual.com/pt/anuncio/fantastico-t5-totalmente-renovado-e-equipado-ID15gqt.html#330be0ba15
126,https://www.imovirtual.com/pt/anuncio/apartamento-t5-boavista-junto-ao-metro-ID12LXG.html#0979fab4d2
127,https://www.imovirtual.com/pt/anuncio/t5-renovado-metro-maiagest-ID15Jlw.html#8228d06f83
128,https://www.imovirtual.com/pt/anuncio/t5-boavista-ID15EdP.html#963f0ab90c
129,https://www.imovirtual.com/pt/anuncio/apartamento-t5-no-pinheiro-manso-ID15CIq.html#f111788a35
130,https://www.imovirtual.com/pt/anuncio/apartamento-t5-com-terraco-situado-no-carvalhido-junto-ID12izb.html#5b1643da9f
131,https://www.imovirtual.com/pt/anuncio/apartamento-t5-para-arrendamento-em-ramalde-ID15SnK.html#2c60d7116b
132,https://www.imovirtual.com/pt/anuncio/t5-remodelado-com-varanda-e-terraco-boavista-ID15SOo.html#b5f25c2f8d
133,https://www.imovirtual.com/pt/anuncio/t5-renovado-metro-maiagest-ID15Ga2.html#112977ea7d
134,https://www.imovirtual.com/pt/anuncio/fantastico-t5-totalmente-renovado-e-equipado-ID15gqt.html#330be0ba15
135,https://www.imovirtual.com/pt/anuncio/apartamento-t5-boavista-junto-ao-metro-ID12LXG.html#0979fab4d2
136,https://www.imovirtual.com/pt/anuncio/t5-renovado-metro-maiagest-ID15Jlw.html#8228d06f83
137,https://www.imovirtual.com/pt/anuncio/t5-boavista-ID15EdP.html#963f0ab90c
138,https://www.imovirtual.com/pt/anuncio/apartamento-t5-para-arrendamento-em-ramalde-ID15SnK.html#2c60d7116b
139,https://www.imovirtual.com/pt/anuncio/t5-remodelado-com-varanda-e-terraco-boavista-ID15SOo.html#b5f25c2f8d
140,https://www.imovirtual.com/pt/anuncio/t5-renovado-metro-maiagest-ID15Ga2.html#112977ea7d
141,https://www.imovirtual.com/pt/anuncio/fantastico-t5-totalmente-renovado-e-equipado-ID15gqt.html#330be0ba15
142,https://www.imovirtual.com/pt/anuncio/apartamento-t5-boavista-junto-ao-metro-ID12LXG.html#0979fab4d2
143,https://www.imovirtual.com/pt/anuncio/t5-renovado-metro-maiagest-ID15Jlw.html#8228d06f83
144,https://www.imovirtual.com/pt/anuncio/t5-boavista-ID15EdP.html#963f0ab90c
145,https://www.imovirtual.com/pt/anuncio/apartamento-t5-para-arrendamento-em-ramalde-ID15SnK.html#2c60d7116b
146,https://www.imovirtual.com/pt/anuncio/t5-remodelado-com-varanda-e-terraco-boavista-ID15SOo.html#b5f25c2f8d
147,https://www.imovirtual.com/pt/anuncio/t5-renovado-metro-maiagest-ID15Ga2.html#112977ea7d
148,https://www.imovirtual.com/pt/anuncio/fantastico-t5-totalmente-renovado-e-equipado-ID15gqt.html#330be0ba15
149,https://www.imovirtual.com/pt/anuncio/apartamento-t5-boavista-junto-ao-metro-ID12LXG.html#0979fab4d2
150,https://www.imovirtual.com/pt/anuncio/t5-renovado-metro-maiagest-ID15Jlw.html#8228d06f83
151,https://www.imovirtual.com/pt/anuncio/t5-boavista-ID15EdP.html#963f0ab90c
152,https://www.imovirtual.com/pt/anuncio/apartamento-t5-para-arrendamento-em-ramalde-ID15SnK.html#2c60d7116b
153,https://www.imovirtual.com/pt/anuncio/t5-remodelado-com-varanda-e-terraco-boavista-ID15SOo.html#b5f25c2f8d
154,https://www.imovirtual.com/pt/anuncio/t5-renovado-metro-maiagest-ID15Ga2.html#112977ea7d
155,https://www.imovirtual.com/pt/anuncio/fantastico-t5-totalmente-renovado-e-equipado-ID15gqt.html#330be0ba15
156,https://www.imovirtual.com/pt/anuncio/apartamento-t5-boavista-junto-ao-metro-ID12LXG.html#0979fab4d2
157,https://www.imovirtual.com/pt/anuncio/t5-renovado-metro-maiagest-ID15Jlw.html#8228d06f83
158,https://www.imovirtual.com/pt/anuncio/t5-boavista-ID15EdP.html#963f0ab90c
159,https://www.imovirtual.com/pt/anuncio/apartamento-t5-para-arrendamento-em-ramalde-ID15SnK.html#2c60d7116b
160,https://www.imovirtual.com/pt/anuncio/t5-remodelado-com-varanda-e-terraco-boavista-ID15SOo.html#b5f25c2f8d
161,https://www.imovirtual.com/pt/anuncio/t5-renovado-metro-maiagest-ID15Ga2.html#112977ea7d
162,https://www.imovirtual.com/pt/anuncio/fantastico-t5-totalmente-renovado-e-equipado-ID15gqt.html#330be0ba15
163,https://www.imovirtual.com/pt/anuncio/apartamento-t5-boavista-junto-ao-metro-ID12LXG.html#0979fab4d2
164,https://www.imovirtual.com/pt/anuncio/t5-renovado-metro-maiagest-ID15Jlw.html#8228d06f83
165,https://www.imovirtual.com/pt/anuncio/t5-boavista-ID15EdP.html#963f0ab90c
166,https://www.imovirtual.com/pt/anuncio/apartamento-t4-no-ultimo-andar-canico-de-baixo-ID14zx7.html#200c116c2d
167,https://www.imovirtual.com/pt/anuncio/apartamento-em-gaula-ID14Mxo.html#9301c1eee1
168,https://www.imovirtual.com/pt/anuncio/apartamento-t1-perto-praia-da-areia-branca-ID15R8d.html#fa4fb97434
169,https://www.imovirtual.com/pt/anuncio/apartamento-t5-mobilado-com-terraco-no-centro-da-vila-da-ID15oSf.html#47520e9ee0
170,https://www.imovirtual.com/pt/anuncio/apartamento-t2-para-arrendar-em-canidelo-com-varanda-e-garagem-ID14xG0.html#47520e9ee0
171,https://www.imovirtual.com/pt/anuncio/alugo-apartamento-t1-junto-a-c-s-e-escola-secundaria-da-lixa-ID15NXY.html#7f053d70dc
172,https://www.imovirtual.com/pt/anuncio/t1-centro-felgueiras-IDGRXm.html#8dd745ea7c
173,https://www.imovirtual.com/pt/anuncio/alugo-apartamento-t1-junto-a-c-s-e-escola-secundaria-da-lixa-ID15NXY.html#7f053d70dc
174,https://www.imovirtual.com/pt/anuncio/t1-centro-felgueiras-IDGRXm.html#8dd745ea7c
175,https://www.imovirtual.com/pt/anuncio/aluga-se-t0-centro-da-lixa-ID15Rb1.html#fa4fb97434
176,https://www.imovirtual.com/pt/anuncio/t5-junto-metro-olivais-linha-vermelha-aluga-ID15F5H.html#963f0ab90c
177,https://www.imovirtual.com/pt/anuncio/t5-freguesia-santa-clara-ID13kW0.html#7662c655c3
178,https://www.imovirtual.com/pt/anuncio/t1-1-anjos-imovel-em-aguas-furtadas-cozinha-equipada-IDZReX.html#0c2e8ed07f
179,https://www.imovirtual.com/pt/anuncio/6-assoalhadas-morais-soares-chile-ID13H3s.html#ddf09ababf
180,https://www.imovirtual.com/pt/anuncio/confortavel-apartamento-de-3-quartos-localizado-no-centr-ID14uQ0.html#47c3a8289c
181,https://www.imovirtual.com/pt/anuncio/apartamento-mobilado-e-equipado-com-smart-tv-wifi-gratis-netflix-ID15LTT.html#4d3713040f
182,https://www.imovirtual.com/pt/anuncio/t4-1-remodelado-centro-historico-caldas-da-rainha-ID15RJy.html#8dd745ea7c
183,https://www.imovirtual.com/pt/anuncio/arrendo-t3-em-rio-tinto-junto-a-estacao-do-metro-venda-nova-ID15w1g.html#3c6b1c8f63
184,https://www.imovirtual.com/pt/anuncio/t3-espacoso-p-arrendar-fanzeres-junto-av-carvalha-e-bombas-ID14K4T.html#36d710febe
185,https://www.imovirtual.com/pt/anuncio/apartamento-t3-em-rio-tinto-ID15bPQ.html#683a7b5352
186,https://www.imovirtual.com/pt/anuncio/t3-espacoso-p-arrendar-fanzeres-junto-av-carvalha-e-bombas-ID14K4T.html#36d710febe
187,https://www.imovirtual.com/pt/anuncio/apartamento-t3-em-rio-tinto-ID15bPQ.html#683a7b5352
188,https://www.imovirtual.com/pt/anuncio/t2-marginal-com-terraco-ID15Eu3.html#ebbfaa36ea
189,https://www.imovirtual.com/pt/anuncio/t5-totalmente-equipado-e-mobilado-na-rua-afonso-henriques-ID15Cp5.html#b237d68a7e
190,https://www.imovirtual.com/pt/anuncio/alugo-ou-vendo-apartamento-em-alcochete-ID15JHv.html#7b7fe5b147
191,https://www.imovirtual.com/pt/anuncio/apartamento-t0-arrendamento-em-alcochete-alcochete-ID113hj.html#0c2e8ed07f
192,https://www.imovirtual.com/pt/anuncio/arrendamento-de-apartamento-t4-em-espinho-oportunidade-ID15tvD.html#61703d6734
193,https://www.imovirtual.com/pt/anuncio/apartamento-t6-arrendamento-em-espinho-espinho-ID13h6N.html#662690a8ed
194,https://www.imovirtual.com/pt/anuncio/apartamento-t6-com-duas-varandas-e-equipado-no-centro-de-ID12igm.html#1202551fcd
195,https://www.imovirtual.com/pt/anuncio/apartamento-t6-duplex-ID14pNe.html#3b4ab6c058
196,https://www.imovirtual.com/pt/anuncio/aluga-se-t6-a-300m-da-praia-no-centro-espinho-IDQ9xU.html#6b23ae56a5
197,https://www.imovirtual.com/pt/anuncio/apartamento-t6-arrendamento-em-espinho-espinho-ID13h6N.html#662690a8ed
198,https://www.imovirtual.com/pt/anuncio/apartamento-t6-com-duas-varandas-e-equipado-no-centro-de-ID12igm.html#1202551fcd
199,https://www.imovirtual.com/pt/anuncio/apartamento-t6-duplex-ID14pNe.html#3b4ab6c058
200,https://www.imovirtual.com/pt/anuncio/aluga-se-t6-a-300m-da-praia-no-centro-espinho-IDQ9xU.html#6b23ae56a5
201,https://www.imovirtual.com/pt/anuncio/apartamento-t6-arrendamento-em-espinho-espinho-ID13h6N.html#662690a8ed
202,https://www.imovirtual.com/pt/anuncio/apartamento-t6-com-duas-varandas-e-equipado-no-centro-de-ID12igm.html#1202551fcd
203,https://www.imovirtual.com/pt/anuncio/apartamento-t6-duplex-ID14pNe.html#3b4ab6c058
204,https://www.imovirtual.com/pt/anuncio/aluga-se-t6-a-300m-da-praia-no-centro-espinho-IDQ9xU.html#6b23ae56a5
205,https://www.imovirtual.com/pt/anuncio/apartamento-t6-arrendamento-em-espinho-espinho-ID13h6N.html#662690a8ed
206,https://www.imovirtual.com/pt/anuncio/apartamento-t6-com-duas-varandas-e-equipado-no-centro-de-ID12igm.html#1202551fcd
207,https://www.imovirtual.com/pt/anuncio/apartamento-t6-duplex-ID14pNe.html#3b4ab6c058
208,https://www.imovirtual.com/pt/anuncio/aluga-se-t6-a-300m-da-praia-no-centro-espinho-IDQ9xU.html#6b23ae56a5
209,https://www.imovirtual.com/pt/anuncio/apartamento-t4-equipado-e-mobilado-baixa-coimbra-ID15Ol1.html#815fa247d9
210,https://www.imovirtual.com/pt/anuncio/apartamento-t4-mobilado-e-equipado-coimbra-ID15sDS.html#3449584e10
211,https://www.imovirtual.com/pt/anuncio/apartamento-t4-ID15m4e.html#5f3f94e24d
212,https://www.imovirtual.com/pt/anuncio/arrenda-se-apartamento-t4-para-estudantes-em-coimbra-ID15EVB.html#7959f14b4a
213,https://www.imovirtual.com/pt/anuncio/apartamento-t4-para-arrendar-na-baixa-de-coimbra-ID1033h.html#e2f330d5fc
214,https://www.imovirtual.com/pt/anuncio/apartamentos-t4-desabitado-para-arrendar-baixa-ID15Cfv.html#da27d7c987
215,https://www.imovirtual.com/pt/anuncio/t4-mobilado-e-equipado-na-baixa-de-coimbra-ID10wG7.html#81909ed758
216,https://www.imovirtual.com/pt/anuncio/arrenda-se-apartamento-t4-mobilado-e-equipado-na-baixa-c-ID103UW.html#6331346537
217,https://www.imovirtual.com/pt/anuncio/t4-renovado-centro-da-cidade-excelentes-vistas-ID126zL.html#e6fda2733e
218,https://www.imovirtual.com/pt/anuncio/apartamento-t4-equipado-e-mobilado-baixa-coimbra-ID15Ol1.html#815fa247d9
219,https://www.imovirtual.com/pt/anuncio/apartamento-t4-mobilado-e-equipado-coimbra-ID15sDS.html#3449584e10
220,https://www.imovirtual.com/pt/anuncio/apartamento-t4-ID15m4e.html#5f3f94e24d
221,https://www.imovirtual.com/pt/anuncio/arrenda-se-apartamento-t4-para-estudantes-em-coimbra-ID15EVB.html#7959f14b4a
222,https://www.imovirtual.com/pt/anuncio/apartamento-t4-para-arrendar-na-baixa-de-coimbra-ID1033h.html#e2f330d5fc
223,https://www.imovirtual.com/pt/anuncio/apartamentos-t4-desabitado-para-arrendar-baixa-ID15Cfv.html#da27d7c987
224,https://www.imovirtual.com/pt/anuncio/t4-mobilado-e-equipado-na-baixa-de-coimbra-ID10wG7.html#81909ed758
225,https://www.imovirtual.com/pt/anuncio/arrenda-se-apartamento-t4-mobilado-e-equipado-na-baixa-c-ID103UW.html#6331346537
226,https://www.imovirtual.com/pt/anuncio/apartamento-t4-equipado-e-mobilado-baixa-coimbra-ID15Ol1.html#815fa247d9
227,https://www.imovirtual.com/pt/anuncio/apartamento-t4-mobilado-e-equipado-coimbra-ID15sDS.html#3449584e10
228,https://www.imovirtual.com/pt/anuncio/apartamento-t4-ID15m4e.html#5f3f94e24d
229,https://www.imovirtual.com/pt/anuncio/arrenda-se-apartamento-t4-para-estudantes-em-coimbra-ID15EVB.html#7959f14b4a
230,https://www.imovirtual.com/pt/anuncio/apartamento-t4-para-arrendar-na-baixa-de-coimbra-ID1033h.html#e2f330d5fc
231,https://www.imovirtual.com/pt/anuncio/apartamentos-t4-desabitado-para-arrendar-baixa-ID15Cfv.html#da27d7c987
232,https://www.imovirtual.com/pt/anuncio/t4-mobilado-e-equipado-na-baixa-de-coimbra-ID10wG7.html#81909ed758
233,https://www.imovirtual.com/pt/anuncio/arrenda-se-apartamento-t4-mobilado-e-equipado-na-baixa-c-ID103UW.html#6331346537
234,https://www.imovirtual.com/pt/anuncio/apartamento-t4-equipado-e-mobilado-baixa-coimbra-ID15Ol1.html#815fa247d9
235,https://www.imovirtual.com/pt/anuncio/apartamento-t4-mobilado-e-equipado-coimbra-ID15sDS.html#3449584e10
236,https://www.imovirtual.com/pt/anuncio/apartamento-t4-ID15m4e.html#5f3f94e24d
237,https://www.imovirtual.com/pt/anuncio/arrenda-se-apartamento-t4-para-estudantes-em-coimbra-ID15EVB.html#7959f14b4a
238,https://www.imovirtual.com/pt/anuncio/apartamento-t4-para-arrendar-na-baixa-de-coimbra-ID1033h.html#e2f330d5fc
239,https://www.imovirtual.com/pt/anuncio/apartamentos-t4-desabitado-para-arrendar-baixa-ID15Cfv.html#da27d7c987
240,https://www.imovirtual.com/pt/anuncio/t4-mobilado-e-equipado-na-baixa-de-coimbra-ID10wG7.html#81909ed758
241,https://www.imovirtual.com/pt/anuncio/arrenda-se-apartamento-t4-mobilado-e-equipado-na-baixa-c-ID103UW.html#6331346537
242,https://www.imovirtual.com/pt/anuncio/apartamento-t4-equipado-e-mobilado-baixa-coimbra-ID15Ol1.html#815fa247d9
243,https://www.imovirtual.com/pt/anuncio/apartamento-t4-mobilado-e-equipado-coimbra-ID15sDS.html#3449584e10
244,https://www.imovirtual.com/pt/anuncio/apartamento-t4-ID15m4e.html#5f3f94e24d
245,https://www.imovirtual.com/pt/anuncio/arrenda-se-apartamento-t4-para-estudantes-em-coimbra-ID15EVB.html#7959f14b4a
246,https://www.imovirtual.com/pt/anuncio/apartamento-t4-para-arrendar-na-baixa-de-coimbra-ID1033h.html#e2f330d5fc
247,https://www.imovirtual.com/pt/anuncio/apartamentos-t4-desabitado-para-arrendar-baixa-ID15Cfv.html#da27d7c987
248,https://www.imovirtual.com/pt/anuncio/t4-mobilado-e-equipado-na-baixa-de-coimbra-ID10wG7.html#81909ed758
249,https://www.imovirtual.com/pt/anuncio/arrenda-se-apartamento-t4-mobilado-e-equipado-na-baixa-c-ID103UW.html#6331346537
250,https://www.imovirtual.com/pt/anuncio/apartamento-t4-equipado-e-mobilado-baixa-coimbra-ID15Ol1.html#815fa247d9
251,https://www.imovirtual.com/pt/anuncio/apartamento-t4-mobilado-e-equipado-coimbra-ID15sDS.html#3449584e10
252,https://www.imovirtual.com/pt/anuncio/apartamento-t4-ID15m4e.html#5f3f94e24d
253,https://www.imovirtual.com/pt/anuncio/arrenda-se-apartamento-t4-para-estudantes-em-coimbra-ID15EVB.html#7959f14b4a
254,https://www.imovirtual.com/pt/anuncio/apartamento-t4-para-arrendar-na-baixa-de-coimbra-ID1033h.html#e2f330d5fc
255,https://www.imovirtual.com/pt/anuncio/apartamentos-t4-desabitado-para-arrendar-baixa-ID15Cfv.html#da27d7c987
256,https://www.imovirtual.com/pt/anuncio/t4-mobilado-e-equipado-na-baixa-de-coimbra-ID10wG7.html#81909ed758
257,https://www.imovirtual.com/pt/anuncio/arrenda-se-apartamento-t4-mobilado-e-equipado-na-baixa-c-ID103UW.html#6331346537
258,https://www.imovirtual.com/pt/anuncio/apartamento-t4-equipado-e-mobilado-baixa-coimbra-ID15Ol1.html#815fa247d9
259,https://www.imovirtual.com/pt/anuncio/apartamento-t4-mobilado-e-equipado-coimbra-ID15sDS.html#3449584e10
260,https://www.imovirtual.com/pt/anuncio/apartamento-t4-ID15m4e.html#5f3f94e24d
261,https://www.imovirtual.com/pt/anuncio/arrenda-se-apartamento-t4-para-estudantes-em-coimbra-ID15EVB.html#7959f14b4a
262,https://www.imovirtual.com/pt/anuncio/apartamento-t4-para-arrendar-na-baixa-de-coimbra-ID1033h.html#e2f330d5fc
263,https://www.imovirtual.com/pt/anuncio/apartamentos-t4-desabitado-para-arrendar-baixa-ID15Cfv.html#da27d7c987
264,https://www.imovirtual.com/pt/anuncio/t4-mobilado-e-equipado-na-baixa-de-coimbra-ID10wG7.html#81909ed758
265,https://www.imovirtual.com/pt/anuncio/arrenda-se-apartamento-t4-mobilado-e-equipado-na-baixa-c-ID103UW.html#6331346537
266,https://www.imovirtual.com/pt/anuncio/apartamento-t4-ladeira-seminario-coimbra-ID15vcs.html#2524a79b33
267,https://www.imovirtual.com/pt/anuncio/apartamento-t4-equipado-e-mobilado-baixa-coimbra-ID15Ol1.html#815fa247d9
268,https://www.imovirtual.com/pt/anuncio/apartamento-t4-mobilado-e-equipado-coimbra-ID15sDS.html#3449584e10
269,https://www.imovirtual.com/pt/anuncio/apartamento-t4-ID15m4e.html#5f3f94e24d
270,https://www.imovirtual.com/pt/anuncio/arrenda-se-apartamento-t4-para-estudantes-em-coimbra-ID15EVB.html#7959f14b4a
271,https://www.imovirtual.com/pt/anuncio/apartamento-t4-para-arrendar-na-baixa-de-coimbra-ID1033h.html#e2f330d5fc
272,https://www.imovirtual.com/pt/anuncio/apartamentos-t4-desabitado-para-arrendar-baixa-ID15Cfv.html#da27d7c987
273,https://www.imovirtual.com/pt/anuncio/t4-mobilado-e-equipado-na-baixa-de-coimbra-ID10wG7.html#81909ed758
274,https://www.imovirtual.com/pt/anuncio/arrenda-se-apartamento-t4-mobilado-e-equipado-na-baixa-c-ID103UW.html#6331346537
275,https://www.imovirtual.com/pt/anuncio/t5-mobilado-impecavel-ID15SPc.html#cde34d05d1
276,https://www.imovirtual.com/pt/anuncio/apartamento-t2-1-arrendamento-em-braga-sao-jose-de-sao-lazaro-e-sao-j-ID14RbG.html#091b38e0cb
277,https://www.imovirtual.com/pt/anuncio/t1-mobilado-e-equipado-no-centro-ID14rqr.html#8bfb206a41
278,https://www.imovirtual.com/pt/anuncio/apartamento-t5-com-142m2-como-novo-num-r-c-alto-em-zona-c-ID15Qgi.html#1471508f83
279,https://www.imovirtual.com/pt/anuncio/apartamento-t3-em-tavira-totalmente-renovado-ID15SZ5.html#ead45aac15
280,https://www.imovirtual.com/pt/anuncio/apart-t4-para-arrendamento-maximinos-ID14DXZ.html#ea7a588151
281,https://www.imovirtual.com/pt/anuncio/apartamento-t4-central-braga-ID15zQq.html#4f13af723f
282,https://www.imovirtual.com/pt/anuncio/apartamento-t4-para-arrendar-em-maximinos-braga-ID14Yki.html#9301c1eee1
283,https://www.imovirtual.com/pt/anuncio/apartamento-t4-no-centro-da-cidade-de-braga-ID14IRE.html#b2f35ff123
284,https://www.imovirtual.com/pt/anuncio/apartamento-t4-centro-historico-ID13tiO.html#95138969fc
285,https://www.imovirtual.com/pt/anuncio/t4-centro-historico-IDVIzF.html#384a32b07c
286,https://www.imovirtual.com/pt/anuncio/apartamento-t4-braga-IDZDpa.html#0c77e8022e
287,https://www.imovirtual.com/pt/anuncio/apart-t4-para-arrendamento-maximinos-ID14DXZ.html#ea7a588151
288,https://www.imovirtual.com/pt/anuncio/apartamento-t4-central-braga-ID15zQq.html#4f13af723f
289,https://www.imovirtual.com/pt/anuncio/apartamento-t4-para-arrendar-em-maximinos-braga-ID14Yki.html#9301c1eee1
290,https://www.imovirtual.com/pt/anuncio/apartamento-t4-no-centro-da-cidade-de-braga-ID14IRE.html#b2f35ff123
291,https://www.imovirtual.com/pt/anuncio/apartamento-t4-centro-historico-ID13tiO.html#95138969fc
292,https://www.imovirtual.com/pt/anuncio/t4-centro-historico-IDVIzF.html#384a32b07c
293,https://www.imovirtual.com/pt/anuncio/apartamento-t4-braga-IDZDpa.html#0c77e8022e
294,https://www.imovirtual.com/pt/anuncio/apart-t4-para-arrendamento-maximinos-ID14DXZ.html#ea7a588151
295,https://www.imovirtual.com/pt/anuncio/apartamento-t4-central-braga-ID15zQq.html#4f13af723f
296,https://www.imovirtual.com/pt/anuncio/apartamento-t4-para-arrendar-em-maximinos-braga-ID14Yki.html#9301c1eee1
297,https://www.imovirtual.com/pt/anuncio/apartamento-t4-no-centro-da-cidade-de-braga-ID14IRE.html#b2f35ff123
298,https://www.imovirtual.com/pt/anuncio/apartamento-t4-centro-historico-ID13tiO.html#95138969fc
299,https://www.imovirtual.com/pt/anuncio/t4-centro-historico-IDVIzF.html#384a32b07c
300,https://www.imovirtual.com/pt/anuncio/apartamento-t4-braga-IDZDpa.html#0c77e8022e
301,https://www.imovirtual.com/pt/anuncio/apart-t4-para-arrendamento-maximinos-ID14DXZ.html#ea7a588151
302,https://www.imovirtual.com/pt/anuncio/apartamento-t4-central-braga-ID15zQq.html#4f13af723f
303,https://www.imovirtual.com/pt/anuncio/apartamento-t4-para-arrendar-em-maximinos-braga-ID14Yki.html#9301c1eee1
304,https://www.imovirtual.com/pt/anuncio/apartamento-t4-no-centro-da-cidade-de-braga-ID14IRE.html#b2f35ff123
305,https://www.imovirtual.com/pt/anuncio/apartamento-t4-centro-historico-ID13tiO.html#95138969fc
306,https://www.imovirtual.com/pt/anuncio/t4-centro-historico-IDVIzF.html#384a32b07c
307,https://www.imovirtual.com/pt/anuncio/apartamento-t4-braga-IDZDpa.html#0c77e8022e
308,https://www.imovirtual.com/pt/anuncio/apart-t4-para-arrendamento-maximinos-ID14DXZ.html#ea7a588151
309,https://www.imovirtual.com/pt/anuncio/apartamento-t4-central-braga-ID15zQq.html#4f13af723f
310,https://www.imovirtual.com/pt/anuncio/apartamento-t4-para-arrendar-em-maximinos-braga-ID14Yki.html#9301c1eee1
311,https://www.imovirtual.com/pt/anuncio/apartamento-t4-no-centro-da-cidade-de-braga-ID14IRE.html#b2f35ff123
312,https://www.imovirtual.com/pt/anuncio/apartamento-t4-centro-historico-ID13tiO.html#95138969fc
313,https://www.imovirtual.com/pt/anuncio/t4-centro-historico-IDVIzF.html#384a32b07c
314,https://www.imovirtual.com/pt/anuncio/apartamento-t4-braga-IDZDpa.html#0c77e8022e
315,https://www.imovirtual.com/pt/anuncio/apart-t4-para-arrendamento-maximinos-ID14DXZ.html#ea7a588151
316,https://www.imovirtual.com/pt/anuncio/apartamento-t4-central-braga-ID15zQq.html#4f13af723f
317,https://www.imovirtual.com/pt/anuncio/apartamento-t4-para-arrendar-em-maximinos-braga-ID14Yki.html#9301c1eee1
318,https://www.imovirtual.com/pt/anuncio/apartamento-t4-no-centro-da-cidade-de-braga-ID14IRE.html#b2f35ff123
319,https://www.imovirtual.com/pt/anuncio/apartamento-t4-centro-historico-ID13tiO.html#95138969fc
320,https://www.imovirtual.com/pt/anuncio/t4-centro-historico-IDVIzF.html#384a32b07c
321,https://www.imovirtual.com/pt/anuncio/apartamento-t4-braga-IDZDpa.html#0c77e8022e
322,https://www.imovirtual.com/pt/anuncio/apart-t4-para-arrendamento-maximinos-ID14DXZ.html#ea7a588151
323,https://www.imovirtual.com/pt/anuncio/apartamento-t4-central-braga-ID15zQq.html#4f13af723f
324,https://www.imovirtual.com/pt/anuncio/apartamento-t4-para-arrendar-em-maximinos-braga-ID14Yki.html#9301c1eee1
325,https://www.imovirtual.com/pt/anuncio/apartamento-t4-no-centro-da-cidade-de-braga-ID14IRE.html#b2f35ff123
326,https://www.imovirtual.com/pt/anuncio/apartamento-t4-centro-historico-ID13tiO.html#95138969fc
327,https://www.imovirtual.com/pt/anuncio/t4-centro-historico-IDVIzF.html#384a32b07c
328,https://www.imovirtual.com/pt/anuncio/apartamento-t4-braga-IDZDpa.html#0c77e8022e
329,https://www.imovirtual.com/pt/anuncio/apartamento-t5-duplex-cobertura-em-maximinos-ID11TAG.html#255956d602
330,https://www.imovirtual.com/pt/anuncio/apartamento-t5-no-bairro-de-sao-bento-santarem-ID15Q4m.html#57aa022859
331,https://www.imovirtual.com/pt/anuncio/vendo-novo-t6-santarem-96-000-arrendado-600-mes-8-rendimento-ano-ID14Ugx.html#353f16544d
332,https://www.imovirtual.com/pt/anuncio/apartamento-t2-centro-de-constancia-parcialmente-mobilado-ID15TtZ.html#cbaa173080
333,https://www.imovirtual.com/pt/anuncio/apartamento-t1-arrendamento-em-ranhados-viseu-ID15TYr.html#cbaa173080
334,https://www.imovirtual.com/pt/anuncio/apartamento-t1-arrendamento-em-ranhados-viseu-ID15OBi.html#8598076e6b
335,https://www.imovirtual.com/pt/anuncio/t1-novo-junto-ao-palacio-do-gelo-e-cuf-viseu-ID15HCc.html#fef6b59a0f
336,https://www.imovirtual.com/pt/anuncio/apartamento-t-1-novo-para-arrendar-perto-palacio-do-gelo-ID11U9i.html#6b23ae56a5
337,https://www.imovirtual.com/pt/anuncio/apartamento-t1-arrendamento-em-ranhados-viseu-ID15zwj.html#ab5f183567
338,https://www.imovirtual.com/pt/anuncio/t1-a-2-mints-do-centro-da-cidade-ID15K0F.html#122da2ce1e
339,https://www.imovirtual.com/pt/anuncio/apartamento-t1-arrendamento-em-ranhados-viseu-ID15TYr.html#cbaa173080
340,https://www.imovirtual.com/pt/anuncio/apartamento-t1-arrendamento-em-ranhados-viseu-ID15OBi.html#8598076e6b
341,https://www.imovirtual.com/pt/anuncio/t1-novo-junto-ao-palacio-do-gelo-e-cuf-viseu-ID15HCc.html#fef6b59a0f
342,https://www.imovirtual.com/pt/anuncio/apartamento-t-1-novo-para-arrendar-perto-palacio-do-gelo-ID11U9i.html#6b23ae56a5
343,https://www.imovirtual.com/pt/anuncio/apartamento-t1-arrendamento-em-ranhados-viseu-ID15zwj.html#ab5f183567
344,https://www.imovirtual.com/pt/anuncio/t1-a-2-mints-do-centro-da-cidade-ID15K0F.html#122da2ce1e
345,https://www.imovirtual.com/pt/anuncio/apartamento-t1-arrendamento-em-ranhados-viseu-ID15TYr.html#cbaa173080
346,https://www.imovirtual.com/pt/anuncio/apartamento-t1-arrendamento-em-ranhados-viseu-ID15OBi.html#8598076e6b
347,https://www.imovirtual.com/pt/anuncio/t1-novo-junto-ao-palacio-do-gelo-e-cuf-viseu-ID15HCc.html#fef6b59a0f
348,https://www.imovirtual.com/pt/anuncio/apartamento-t-1-novo-para-arrendar-perto-palacio-do-gelo-ID11U9i.html#6b23ae56a5
349,https://www.imovirtual.com/pt/anuncio/apartamento-t1-arrendamento-em-ranhados-viseu-ID15zwj.html#ab5f183567
350,https://www.imovirtual.com/pt/anuncio/t1-a-2-mints-do-centro-da-cidade-ID15K0F.html#122da2ce1e
351,https://www.imovirtual.com/pt/anuncio/apartamento-t1-arrendamento-em-ranhados-viseu-ID15TYr.html#cbaa173080
352,https://www.imovirtual.com/pt/anuncio/apartamento-t1-arrendamento-em-ranhados-viseu-ID15OBi.html#8598076e6b
353,https://www.imovirtual.com/pt/anuncio/t1-novo-junto-ao-palacio-do-gelo-e-cuf-viseu-ID15HCc.html#fef6b59a0f
354,https://www.imovirtual.com/pt/anuncio/apartamento-t-1-novo-para-arrendar-perto-palacio-do-gelo-ID11U9i.html#6b23ae56a5
355,https://www.imovirtual.com/pt/anuncio/apartamento-t1-arrendamento-em-ranhados-viseu-ID15zwj.html#ab5f183567
356,https://www.imovirtual.com/pt/anuncio/t1-a-2-mints-do-centro-da-cidade-ID15K0F.html#122da2ce1e
357,https://www.imovirtual.com/pt/anuncio/apartamento-t1-arrendamento-em-ranhados-viseu-ID15TYr.html#cbaa173080
358,https://www.imovirtual.com/pt/anuncio/apartamento-t1-arrendamento-em-ranhados-viseu-ID15OBi.html#8598076e6b
359,https://www.imovirtual.com/pt/anuncio/t1-novo-junto-ao-palacio-do-gelo-e-cuf-viseu-ID15HCc.html#fef6b59a0f
360,https://www.imovirtual.com/pt/anuncio/apartamento-t-1-novo-para-arrendar-perto-palacio-do-gelo-ID11U9i.html#6b23ae56a5
361,https://www.imovirtual.com/pt/anuncio/apartamento-t1-arrendamento-em-ranhados-viseu-ID15zwj.html#ab5f183567
362,https://www.imovirtual.com/pt/anuncio/t1-a-2-mints-do-centro-da-cidade-ID15K0F.html#122da2ce1e
363,https://www.imovirtual.com/pt/anuncio/apartamento-t1-arrendamento-em-ranhados-viseu-ID15TYr.html#cbaa173080
364,https://www.imovirtual.com/pt/anuncio/apartamento-t1-arrendamento-em-ranhados-viseu-ID15OBi.html#8598076e6b
365,https://www.imovirtual.com/pt/anuncio/t1-novo-junto-ao-palacio-do-gelo-e-cuf-viseu-ID15HCc.html#fef6b59a0f
366,https://www.imovirtual.com/pt/anuncio/apartamento-t-1-novo-para-arrendar-perto-palacio-do-gelo-ID11U9i.html#6b23ae56a5
367,https://www.imovirtual.com/pt/anuncio/apartamento-t1-arrendamento-em-ranhados-viseu-ID15zwj.html#ab5f183567
368,https://www.imovirtual.com/pt/anuncio/t1-a-2-mints-do-centro-da-cidade-ID15K0F.html#122da2ce1e
369,https://www.imovirtual.com/pt/anuncio/apartamento-t5-duplex-arrendamento-em-ranhados-viseu-ID14FxS.html#8af98ccab1
370,https://www.imovirtual.com/pt/anuncio/apartamento-t3-1-alcobaca-centro-ID15Nt9.html#55c324fe07
371,https://www.imovirtual.com/pt/anuncio/pinhal-novo-t3-zona-central-para-arrendamento-ID15OsC.html#574425db52
372,https://www.imovirtual.com/pt/anuncio/apartamento-t2-aires-palmela-ID15OXa.html#17866e1a81
373,https://www.imovirtual.com/pt/anuncio/apartamento-arrendar-armacao-de-pera-ID14u0H.html#4fde1037b4
374,https://www.imovirtual.com/pt/anuncio/arrenda-t4-na-urbanizacao-monte-novo-pinhal-novo-ID15PJU.html#0b8ba4e1a7
375,https://www.imovirtual.com/pt/anuncio/apartamento-t3-braga-univ-minho-ID14kqw.html#fe994d5596
376,https://www.imovirtual.com/pt/anuncio/t0-1-equipado-na-encosta-do-sol-em-gualtar-IDZLgX.html#f07a758819
377,https://www.imovirtual.com/pt/anuncio/arrendamento-apartamento-espinho-mangualde-ID15TtV.html#eeacf71a79
378,https://www.imovirtual.com/pt/anuncio/apartamento-t1-1-ID15U4L.html#5c439554bd
379,https://www.imovirtual.com/pt/anuncio/andar-moradia-t3-com-aproveitamento-de-sotao-ID15RmZ.html#3b00e99f9c
380,https://www.imovirtual.com/pt/anuncio/apartamento-t2-com-garagem-fechada-box-meixomil-pacos-de-ferreira-ID15AJm.html#9ce09db788
381,https://www.imovirtual.com/pt/anuncio/t1-aluguer-lordelo-paredes-ID15LgI.html#7b7fe5b147
382,https://www.imovirtual.com/pt/anuncio/t3-com-eletrodomesticos-em-nogueiro-junto-ao-inl-ID15DeP.html#9f667fc170
383,https://www.imovirtual.com/pt/anuncio/apartamento-t3-em-nogueiro-braga-ID15C09.html#9f667fc170
384,https://www.imovirtual.com/pt/anuncio/t3-nogueiro-163-m2-braga-ID15w43.html#b9f6235b9b
385,https://www.imovirtual.com/pt/anuncio/arrendamento-apartamento-t3-em-nogueiro-braga-ID151jm.html#836b19dd80
386,https://www.imovirtual.com/pt/anuncio/apartamento-t3-em-nogueiro-proximo-inl-ID15es9.html#de272a915e
387,https://www.imovirtual.com/pt/anuncio/apartamento-t3-para-arrendamento-em-nogueiro-ID15wEM.html#64e334bae0
388,https://www.imovirtual.com/pt/anuncio/apartamento-t3-nogueiro-ID15i7K.html#c641297633
389,https://www.imovirtual.com/pt/anuncio/apart-t3-p-arrendamento-nogueiro-ID1537M.html#3d4010ac63
390,https://www.imovirtual.com/pt/anuncio/t3-em-nogueiro-cozinha-equipada-e-aquecimento-central-ID14YK0.html#acb9171ec0
391,https://www.imovirtual.com/pt/anuncio/apartamento-t3-arrendamento-em-nogueiro-e-tenoes-braga-ID15jlX.html#1878d5ba99
392,https://www.imovirtual.com/pt/anuncio/apartamento-t-3-c-boa-localizacao-ID15w3R.html#549e97bc0d
393,https://www.imovirtual.com/pt/anuncio/apartamento-t3-em-nogueiro-braga-ID15C09.html#9f667fc170
394,https://www.imovirtual.com/pt/anuncio/t3-nogueiro-163-m2-braga-ID15w43.html#b9f6235b9b
395,https://www.imovirtual.com/pt/anuncio/arrendamento-apartamento-t3-em-nogueiro-braga-ID151jm.html#836b19dd80
396,https://www.imovirtual.com/pt/anuncio/apartamento-t3-em-nogueiro-proximo-inl-ID15es9.html#de272a915e
397,https://www.imovirtual.com/pt/anuncio/apartamento-t3-para-arrendamento-em-nogueiro-ID15wEM.html#64e334bae0
398,https://www.imovirtual.com/pt/anuncio/apartamento-t3-nogueiro-ID15i7K.html#c641297633
399,https://www.imovirtual.com/pt/anuncio/apart-t3-p-arrendamento-nogueiro-ID1537M.html#3d4010ac63
400,https://www.imovirtual.com/pt/anuncio/t3-em-nogueiro-cozinha-equipada-e-aquecimento-central-ID14YK0.html#acb9171ec0
401,https://www.imovirtual.com/pt/anuncio/apartamento-t3-arrendamento-em-nogueiro-e-tenoes-braga-ID15jlX.html#1878d5ba99
402,https://www.imovirtual.com/pt/anuncio/apartamento-t-3-c-boa-localizacao-ID15w3R.html#549e97bc0d
403,https://www.imovirtual.com/pt/anuncio/apartamento-t3-em-nogueiro-braga-ID15C09.html#9f667fc170
404,https://www.imovirtual.com/pt/anuncio/t3-nogueiro-163-m2-braga-ID15w43.html#b9f6235b9b
405,https://www.imovirtual.com/pt/anuncio/arrendamento-apartamento-t3-em-nogueiro-braga-ID151jm.html#836b19dd80
406,https://www.imovirtual.com/pt/anuncio/apartamento-t3-em-nogueiro-proximo-inl-ID15es9.html#de272a915e
407,https://www.imovirtual.com/pt/anuncio/apartamento-t3-para-arrendamento-em-nogueiro-ID15wEM.html#64e334bae0
408,https://www.imovirtual.com/pt/anuncio/apartamento-t3-nogueiro-ID15i7K.html#c641297633
409,https://www.imovirtual.com/pt/anuncio/apart-t3-p-arrendamento-nogueiro-ID1537M.html#3d4010ac63
410,https://www.imovirtual.com/pt/anuncio/t3-em-nogueiro-cozinha-equipada-e-aquecimento-central-ID14YK0.html#acb9171ec0
411,https://www.imovirtual.com/pt/anuncio/apartamento-t3-arrendamento-em-nogueiro-e-tenoes-braga-ID15jlX.html#1878d5ba99
412,https://www.imovirtual.com/pt/anuncio/apartamento-t-3-c-boa-localizacao-ID15w3R.html#549e97bc0d
413,https://www.imovirtual.com/pt/anuncio/apartamento-t3-em-nogueiro-braga-ID15C09.html#9f667fc170
414,https://www.imovirtual.com/pt/anuncio/t3-nogueiro-163-m2-braga-ID15w43.html#b9f6235b9b
415,https://www.imovirtual.com/pt/anuncio/arrendamento-apartamento-t3-em-nogueiro-braga-ID151jm.html#836b19dd80
416,https://www.imovirtual.com/pt/anuncio/apartamento-t3-em-nogueiro-proximo-inl-ID15es9.html#de272a915e
417,https://www.imovirtual.com/pt/anuncio/apartamento-t3-para-arrendamento-em-nogueiro-ID15wEM.html#64e334bae0
418,https://www.imovirtual.com/pt/anuncio/apartamento-t3-nogueiro-ID15i7K.html#c641297633
419,https://www.imovirtual.com/pt/anuncio/apart-t3-p-arrendamento-nogueiro-ID1537M.html#3d4010ac63
420,https://www.imovirtual.com/pt/anuncio/t3-em-nogueiro-cozinha-equipada-e-aquecimento-central-ID14YK0.html#acb9171ec0
421,https://www.imovirtual.com/pt/anuncio/apartamento-t3-arrendamento-em-nogueiro-e-tenoes-braga-ID15jlX.html#1878d5ba99
422,https://www.imovirtual.com/pt/anuncio/apartamento-t-3-c-boa-localizacao-ID15w3R.html#549e97bc0d
423,https://www.imovirtual.com/pt/anuncio/apartamento-t3-em-nogueiro-braga-ID15C09.html#9f667fc170
424,https://www.imovirtual.com/pt/anuncio/t3-nogueiro-163-m2-braga-ID15w43.html#b9f6235b9b
425,https://www.imovirtual.com/pt/anuncio/arrendamento-apartamento-t3-em-nogueiro-braga-ID151jm.html#836b19dd80
426,https://www.imovirtual.com/pt/anuncio/apartamento-t3-em-nogueiro-proximo-inl-ID15es9.html#de272a915e
427,https://www.imovirtual.com/pt/anuncio/apartamento-t3-para-arrendamento-em-nogueiro-ID15wEM.html#64e334bae0
428,https://www.imovirtual.com/pt/anuncio/apartamento-t3-nogueiro-ID15i7K.html#c641297633
429,https://www.imovirtual.com/pt/anuncio/apart-t3-p-arrendamento-nogueiro-ID1537M.html#3d4010ac63
430,https://www.imovirtual.com/pt/anuncio/t3-em-nogueiro-cozinha-equipada-e-aquecimento-central-ID14YK0.html#acb9171ec0
431,https://www.imovirtual.com/pt/anuncio/apartamento-t3-arrendamento-em-nogueiro-e-tenoes-braga-ID15jlX.html#1878d5ba99
432,https://www.imovirtual.com/pt/anuncio/apartamento-t-3-c-boa-localizacao-ID15w3R.html#549e97bc0d
433,https://www.imovirtual.com/pt/anuncio/apartamento-t3-em-nogueiro-braga-ID15C09.html#9f667fc170
434,https://www.imovirtual.com/pt/anuncio/t3-nogueiro-163-m2-braga-ID15w43.html#b9f6235b9b
435,https://www.imovirtual.com/pt/anuncio/arrendamento-apartamento-t3-em-nogueiro-braga-ID151jm.html#836b19dd80
436,https://www.imovirtual.com/pt/anuncio/apartamento-t3-em-nogueiro-proximo-inl-ID15es9.html#de272a915e
437,https://www.imovirtual.com/pt/anuncio/apartamento-t3-para-arrendamento-em-nogueiro-ID15wEM.html#64e334bae0
438,https://www.imovirtual.com/pt/anuncio/apartamento-t3-nogueiro-ID15i7K.html#c641297633
439,https://www.imovirtual.com/pt/anuncio/apart-t3-p-arrendamento-nogueiro-ID1537M.html#3d4010ac63
440,https://www.imovirtual.com/pt/anuncio/t3-em-nogueiro-cozinha-equipada-e-aquecimento-central-ID14YK0.html#acb9171ec0
441,https://www.imovirtual.com/pt/anuncio/apartamento-t3-arrendamento-em-nogueiro-e-tenoes-braga-ID15jlX.html#1878d5ba99
442,https://www.imovirtual.com/pt/anuncio/apartamento-t-3-c-boa-localizacao-ID15w3R.html#549e97bc0d
443,https://www.imovirtual.com/pt/anuncio/apartamento-t3-em-nogueiro-braga-ID15C09.html#9f667fc170
444,https://www.imovirtual.com/pt/anuncio/t3-nogueiro-163-m2-braga-ID15w43.html#b9f6235b9b
445,https://www.imovirtual.com/pt/anuncio/arrendamento-apartamento-t3-em-nogueiro-braga-ID151jm.html#836b19dd80
446,https://www.imovirtual.com/pt/anuncio/apartamento-t3-em-nogueiro-proximo-inl-ID15es9.html#de272a915e
447,https://www.imovirtual.com/pt/anuncio/apartamento-t3-para-arrendamento-em-nogueiro-ID15wEM.html#64e334bae0
448,https://www.imovirtual.com/pt/anuncio/apartamento-t3-nogueiro-ID15i7K.html#c641297633
449,https://www.imovirtual.com/pt/anuncio/apart-t3-p-arrendamento-nogueiro-ID1537M.html#3d4010ac63
450,https://www.imovirtual.com/pt/anuncio/t3-em-nogueiro-cozinha-equipada-e-aquecimento-central-ID14YK0.html#acb9171ec0
451,https://www.imovirtual.com/pt/anuncio/apartamento-t3-arrendamento-em-nogueiro-e-tenoes-braga-ID15jlX.html#1878d5ba99
452,https://www.imovirtual.com/pt/anuncio/apartamento-t-3-c-boa-localizacao-ID15w3R.html#549e97bc0d
453,https://www.imovirtual.com/pt/anuncio/apartamento-t3-em-nogueiro-braga-ID15C09.html#9f667fc170
454,https://www.imovirtual.com/pt/anuncio/t3-nogueiro-163-m2-braga-ID15w43.html#b9f6235b9b
455,https://www.imovirtual.com/pt/anuncio/arrendamento-apartamento-t3-em-nogueiro-braga-ID151jm.html#836b19dd80
456,https://www.imovirtual.com/pt/anuncio/apartamento-t3-em-nogueiro-proximo-inl-ID15es9.html#de272a915e
457,https://www.imovirtual.com/pt/anuncio/apartamento-t3-para-arrendamento-em-nogueiro-ID15wEM.html#64e334bae0
458,https://www.imovirtual.com/pt/anuncio/apartamento-t3-nogueiro-ID15i7K.html#c641297633
459,https://www.imovirtual.com/pt/anuncio/apart-t3-p-arrendamento-nogueiro-ID1537M.html#3d4010ac63
460,https://www.imovirtual.com/pt/anuncio/t3-em-nogueiro-cozinha-equipada-e-aquecimento-central-ID14YK0.html#acb9171ec0
461,https://www.imovirtual.com/pt/anuncio/apartamento-t3-arrendamento-em-nogueiro-e-tenoes-braga-ID15jlX.html#1878d5ba99
462,https://www.imovirtual.com/pt/anuncio/apartamento-t-3-c-boa-localizacao-ID15w3R.html#549e97bc0d
463,https://www.imovirtual.com/pt/anuncio/apartamento-t3-em-nogueiro-braga-ID15C09.html#9f667fc170
464,https://www.imovirtual.com/pt/anuncio/t3-nogueiro-163-m2-braga-ID15w43.html#b9f6235b9b
465,https://www.imovirtual.com/pt/anuncio/arrendamento-apartamento-t3-em-nogueiro-braga-ID151jm.html#836b19dd80
466,https://www.imovirtual.com/pt/anuncio/apartamento-t3-em-nogueiro-proximo-inl-ID15es9.html#de272a915e
467,https://www.imovirtual.com/pt/anuncio/apartamento-t3-para-arrendamento-em-nogueiro-ID15wEM.html#64e334bae0
468,https://www.imovirtual.com/pt/anuncio/apartamento-t3-nogueiro-ID15i7K.html#c641297633
469,https://www.imovirtual.com/pt/anuncio/apart-t3-p-arrendamento-nogueiro-ID1537M.html#3d4010ac63
470,https://www.imovirtual.com/pt/anuncio/t3-em-nogueiro-cozinha-equipada-e-aquecimento-central-ID14YK0.html#acb9171ec0
471,https://www.imovirtual.com/pt/anuncio/apartamento-t3-arrendamento-em-nogueiro-e-tenoes-braga-ID15jlX.html#1878d5ba99
472,https://www.imovirtual.com/pt/anuncio/apartamento-t-3-c-boa-localizacao-ID15w3R.html#549e97bc0d
473,https://www.imovirtual.com/pt/anuncio/apartamento-t3-em-nogueiro-braga-ID15C09.html#9f667fc170
474,https://www.imovirtual.com/pt/anuncio/t3-nogueiro-163-m2-braga-ID15w43.html#b9f6235b9b
475,https://www.imovirtual.com/pt/anuncio/arrendamento-apartamento-t3-em-nogueiro-braga-ID151jm.html#836b19dd80
476,https://www.imovirtual.com/pt/anuncio/apartamento-t3-em-nogueiro-proximo-inl-ID15es9.html#de272a915e
477,https://www.imovirtual.com/pt/anuncio/apartamento-t3-para-arrendamento-em-nogueiro-ID15wEM.html#64e334bae0
478,https://www.imovirtual.com/pt/anuncio/apartamento-t3-nogueiro-ID15i7K.html#c641297633
479,https://www.imovirtual.com/pt/anuncio/apart-t3-p-arrendamento-nogueiro-ID1537M.html#3d4010ac63
480,https://www.imovirtual.com/pt/anuncio/t3-em-nogueiro-cozinha-equipada-e-aquecimento-central-ID14YK0.html#acb9171ec0
481,https://www.imovirtual.com/pt/anuncio/apartamento-t3-arrendamento-em-nogueiro-e-tenoes-braga-ID15jlX.html#1878d5ba99
482,https://www.imovirtual.com/pt/anuncio/apartamento-t-3-c-boa-localizacao-ID15w3R.html#549e97bc0d
483,https://www.imovirtual.com/pt/anuncio/t2-em-tenoes-entrada-imediata-IDOakK.html#9bb9dfbe2f
484,https://www.imovirtual.com/pt/anuncio/apartamento-t3-duplex-1-verdemilho-aveiro-ID15R89.html#db5558795f
485,https://www.imovirtual.com/pt/anuncio/apartamento-t4-ao-lado-do-glicinias-aveiro-ID15ODQ.html#0e55801363
486,https://www.imovirtual.com/pt/anuncio/apartamento-t0-smart-ID15D3I.html#6331346537
487,https://www.imovirtual.com/pt/anuncio/alugo-casa-em-vila-velha-rodao-ID15j4J.html#daa4254dbd
488,https://www.imovirtual.com/pt/anuncio/estudio-t0-mobilado-e-equipado-ID15QI2.html#384a32b07c
489,https://www.imovirtual.com/pt/anuncio/aluga-se-apartamento-t3-santa-marta-do-pinhal-corroios-ID15N7l.html#67de6eae5b
490,https://www.imovirtual.com/pt/anuncio/apartamento-t2-em-belcampo-azeitao-ID15RkQ.html#1471508f83
491,https://www.imovirtual.com/pt/anuncio/apartamento-t3-equipado-e-mobilado-ID14BTX.html#6a127d9873
492,https://www.imovirtual.com/pt/anuncio/t2-praia-da-barra-aveiro-ferias-anual-ID15FMl.html#b432ae7507
493,https://www.imovirtual.com/pt/anuncio/apartamento-totalmente-remodelado-t2-ID15cMO.html#cd80207ce6
494,https://www.imovirtual.com/pt/anuncio/apartamento-totalmente-remodelado-t2-ID15eqf.html#1878d5ba99
495,https://www.imovirtual.com/pt/anuncio/apartamento-totalmente-remodelado-t2-ID15cMO.html#cd80207ce6
496,https://www.imovirtual.com/pt/anuncio/apartamento-totalmente-remodelado-t2-ID15eqf.html#1878d5ba99
497,https://www.imovirtual.com/pt/anuncio/apartamento-turistico-t1-c-vista-oceano-ID14KNv.html#93200e50e7
498,https://www.imovirtual.com/pt/anuncio/arrenda-se-t1-lomar-mobilado-e-equipado-ID15MPq.html#dc31505851
499,https://www.imovirtual.com/pt/anuncio/apartamento-t1-em-gandra-paredes-mesmo-ao-lado-da-cespu-ID1590G.html#99f5b27185
500,https://www.imovirtual.com/pt/anuncio/apartamento-t3-vila-verde-ID15QYX.html#07843f5c9a
501,https://www.imovirtual.com/pt/anuncio/arrendo-apartamento-ID14XBY.html#395c24326e
502,https://www.imovirtual.com/pt/anuncio/apartamento-t1-ref-210056-ID15SIF.html#c083556af0
503,https://www.imovirtual.com/pt/anuncio/apartamento-de-3-quartos-ferias-150-mts-da-praia-de-altura-ID11xn1.html#a0d212f990
504,https://www.imovirtual.com/pt/anuncio/apartamento-de-2-quartos-para-ferias-em-altura-ID11ylT.html#61c7de3088
505,https://www.imovirtual.com/pt/anuncio/amplo-t4-na-praca-da-galiza-ponte-eiffel-ID155z5.html#13509a9d14
506,https://www.imovirtual.com/pt/anuncio/apartamento-2-quartos-coimbra-quinta-da-portela-ID13g4r.html#e8b0659e87
507,https://www.imovirtual.com/pt/anuncio/arrenda-se-t4-em-santa-clara-ID15Ra4.html#fa4fb97434
508,https://www.imovirtual.com/pt/anuncio/arrendo-t0-zona-balnear-povoa-de-varzim-ID14VC9.html#13509a9d14
509,https://www.imovirtual.com/pt/anuncio/t2-em-r-c-para-arrendamento-anual-estoi-ID15sm4.html#91806f2ec5
510,https://www.imovirtual.com/pt/anuncio/t2-aluga-se-faro-ID15Gfe.html#b432ae7507
511,https://www.imovirtual.com/pt/anuncio/apartamento-t2-rua-do-alportel-ID15JQK.html#7b7fe5b147
512,https://www.imovirtual.com/pt/anuncio/apartamento-t2-equipado-ID15T6G.html#933b53fa31
513,https://www.imovirtual.com/pt/anuncio/aluga-se-t2-na-baixa-de-faro-ID15JGc.html#225f1ac018
514,https://www.imovirtual.com/pt/anuncio/t2-aluga-se-faro-ID15Gfe.html#b432ae7507
515,https://www.imovirtual.com/pt/anuncio/apartamento-t2-rua-do-alportel-ID15JQK.html#7b7fe5b147
516,https://www.imovirtual.com/pt/anuncio/apartamento-t2-equipado-ID15T6G.html#933b53fa31
517,https://www.imovirtual.com/pt/anuncio/aluga-se-t2-na-baixa-de-faro-ID15JGc.html#225f1ac018
518,https://www.imovirtual.com/pt/anuncio/t2-aluga-se-faro-ID15Gfe.html#b432ae7507
519,https://www.imovirtual.com/pt/anuncio/apartamento-t2-rua-do-alportel-ID15JQK.html#7b7fe5b147
520,https://www.imovirtual.com/pt/anuncio/apartamento-t2-equipado-ID15T6G.html#933b53fa31
521,https://www.imovirtual.com/pt/anuncio/aluga-se-t2-na-baixa-de-faro-ID15JGc.html#225f1ac018
522,https://www.imovirtual.com/pt/anuncio/t2-aluga-se-faro-ID15Gfe.html#b432ae7507
523,https://www.imovirtual.com/pt/anuncio/apartamento-t2-rua-do-alportel-ID15JQK.html#7b7fe5b147
524,https://www.imovirtual.com/pt/anuncio/apartamento-t2-equipado-ID15T6G.html#933b53fa31
525,https://www.imovirtual.com/pt/anuncio/aluga-se-t2-na-baixa-de-faro-ID15JGc.html#225f1ac018
526,https://www.imovirtual.com/pt/anuncio/apartamento-t2-para-arrendamento-em-fazendas-de-almeirim-ID15JFh.html#9f3f3f712d
527,https://www.imovirtual.com/pt/anuncio/apartamento-t3-marinha-grande-ID14Q8u.html#f384341514
528,https://www.imovirtual.com/pt/anuncio/apartamento-t3-marinha-grande-IDrGss.html#e6673cf651
529,https://www.imovirtual.com/pt/anuncio/apartamento-t3-marinha-grande-ID14Q8u.html#f384341514
530,https://www.imovirtual.com/pt/anuncio/apartamento-t3-marinha-grande-IDrGss.html#e6673cf651
531,https://www.imovirtual.com/pt/anuncio/apartamento-t1-arrendamento-em-vieira-de-leiria-marinha-grande-ID1515p.html#549e97bc0d
532,https://www.imovirtual.com/pt/anuncio/apartamento-t3-1-recuado-com-2-terracos-santo-tirso-ID15db4.html#db1b6ab9a6
533,https://www.imovirtual.com/pt/anuncio/apartamento-t0-totalmente-mobilado-e-equipado-ponta-delgada-ID15OOd.html#d03881d1cc
534,https://www.imovirtual.com/pt/anuncio/apartamento-t2-no-centro-da-cidade-ID126sw.html#6ada4d1739
535,https://www.imovirtual.com/pt/anuncio/arrenda-se-alojamento-local-ID15Jey.html#225f1ac018
536,https://www.imovirtual.com/pt/anuncio/t2-vista-magnifica-mobilado-piscina-3m-praia-calheta-agua-tv-cabo-incl-IDNDL4.html#f2c0a44b15
537,https://www.imovirtual.com/pt/anuncio/t1-mobilia-moderna-vista-mar-magnifica-piscina-5minutos-praia-calheta-IDNFbq.html#9ad79e209d
538,https://www.imovirtual.com/pt/anuncio/apartamento-t0-piscina-mobilado-vista-mar-5-minutos-praia-calheta-IDNDKf.html#4253179cb0
539,https://www.imovirtual.com/pt/anuncio/apartamento-t2-santoinho-viana-do-castelo-ID14BXW.html#6a127d9873
540,https://www.imovirtual.com/pt/anuncio/apartamento-t1-praia-cabedelo-ID15sj0.html#2b93ee01a9
541,https://www.imovirtual.com/pt/anuncio/t1-cabedelo-viana-do-castelo-ID15QZ7.html#07843f5c9a
542,https://www.imovirtual.com/pt/anuncio/apartamento-t1-praia-cabedelo-ID15sj0.html#2b93ee01a9
543,https://www.imovirtual.com/pt/anuncio/t1-cabedelo-viana-do-castelo-ID15QZ7.html#07843f5c9a
544,https://www.imovirtual.com/pt/anuncio/andar-moradia-t2-em-santiago-do-riba-ul-ID15Epw.html#a80d338000
545,https://www.imovirtual.com/pt/anuncio/apartamento-t0-para-arrendamento-em-oliveira-de-azemeis-ID15SuF.html#2dc28555e3
546,https://www.imovirtual.com/pt/anuncio/arrenda-se-t1-em-lamacaes-ID15SO2.html#eeacf71a79
547,https://www.imovirtual.com/pt/anuncio/apartamento-t3-em-manta-rota-outubro-a-maio-ID10ueZ.html#371844e9e1
548,https://www.imovirtual.com/pt/anuncio/arrendamento-verao-t2-em-condominio-fechado-com-piscina-e-ID12Q2I.html#18ddb0bad7
549,https://www.imovirtual.com/pt/anuncio/apartamento-t2-em-vila-real-de-santo-antonio-ID15MIy.html#2c8c3c942e
550,https://www.imovirtual.com/pt/anuncio/apartamento-2-quartos-ID15GpW.html#549e97bc0d
551,https://www.imovirtual.com/pt/anuncio/apartamento-t1-no-centro-de-famalicao-ID15U8h.html#c083556af0
552,https://www.imovirtual.com/pt/anuncio/t1-em-lousado-para-arrendar-ID15FV4.html#e8195bebf2
553,https://www.imovirtual.com/pt/anuncio/apartamento-t1-no-centro-de-famalicao-ID15U8h.html#c083556af0
554,https://www.imovirtual.com/pt/anuncio/t1-em-lousado-para-arrendar-ID15FV4.html#e8195bebf2
555,https://www.imovirtual.com/pt/anuncio/excepcional-t3-centro-de-estarreja-ID11MMi.html#085720300f
556,https://www.imovirtual.com/pt/anuncio/t3-para-arrendar-cozinha-com-fogao-exaustor-e-cilindro-elevador-ma-ID15Uaj.html#8598076e6b
557,https://www.imovirtual.com/pt/anuncio/excepcional-t3-centro-de-estarreja-ID11MMi.html#085720300f
558,https://www.imovirtual.com/pt/anuncio/t3-para-arrendar-cozinha-com-fogao-exaustor-e-cilindro-elevador-ma-ID15Uaj.html#8598076e6b
559,https://www.imovirtual.com/pt/anuncio/apartamento-t1-ID15KR0.html#e6673cf651
560,https://www.imovirtual.com/pt/anuncio/apartamento-t1-ID15AEt.html#1b470613a3
561,https://www.imovirtual.com/pt/anuncio/apartamento-t1-ID15AEi.html#1b470613a3
562,https://www.imovirtual.com/pt/anuncio/apartamento-t1-ID15AEh.html#1b470613a3
563,https://www.imovirtual.com/pt/anuncio/apartamento-t1-ID15KR0.html#e6673cf651
564,https://www.imovirtual.com/pt/anuncio/apartamento-t1-ID15AEt.html#1b470613a3
565,https://www.imovirtual.com/pt/anuncio/apartamento-t1-ID15AEi.html#1b470613a3
566,https://www.imovirtual.com/pt/anuncio/apartamento-t1-ID15AEh.html#1b470613a3
567,https://www.imovirtual.com/pt/anuncio/apartamento-t1-ID15KR0.html#e6673cf651
568,https://www.imovirtual.com/pt/anuncio/apartamento-t1-ID15AEt.html#1b470613a3
569,https://www.imovirtual.com/pt/anuncio/apartamento-t1-ID15AEi.html#1b470613a3
570,https://www.imovirtual.com/pt/anuncio/apartamento-t1-ID15AEh.html#1b470613a3
571,https://www.imovirtual.com/pt/anuncio/apartamento-t1-ID15KR0.html#e6673cf651
572,https://www.imovirtual.com/pt/anuncio/apartamento-t1-ID15AEt.html#1b470613a3
573,https://www.imovirtual.com/pt/anuncio/apartamento-t1-ID15AEi.html#1b470613a3
574,https://www.imovirtual.com/pt/anuncio/apartamento-t1-ID15AEh.html#1b470613a3
575,https://www.imovirtual.com/pt/anuncio/t1-mobilado-no-monte-formoso-a55pl-IDMPDQ.html#5c976ca25a
576,https://www.imovirtual.com/pt/anuncio/apartamento-t1-cozinha-equipada-monte-formoso-coimbra-ID15QEN.html#fecf3b0ec0
577,https://www.imovirtual.com/pt/anuncio/apartamento-t1-arrendamento-em-eiras-e-sao-paulo-de-frades-coimbra-ID12N7A.html#beca496c55
578,https://www.imovirtual.com/pt/anuncio/t1-semi-mobilado-e-equipado-varandas-ID118yp.html#5f82f39579
579,https://www.imovirtual.com/pt/anuncio/arrenda-se-apartamento-t1-monte-formoso-ID13A4g.html#ffcc8e6acf
580,https://www.imovirtual.com/pt/anuncio/t1-arco-pintado-bons-acessos-coimbra-ID12OtI.html#b608882b78
581,https://www.imovirtual.com/pt/anuncio/arrenda-se-t1-mobilado-e-equipado-em-coimbra-ID12Pso.html#ce01a11568
582,https://www.imovirtual.com/pt/anuncio/apartamento-t1-equipado-e-mobilado-no-monte-formoso-coimbra-ID12LGl.html#c69266574f
583,https://www.imovirtual.com/pt/anuncio/apartamento-t1-mobilado-garagem-arco-pintado-coimbra-ID14Y4F.html#1dcb9cb031
584,https://www.imovirtual.com/pt/anuncio/apartamento-t1-monte-formoso-ID15SPC.html#ea7a588151
585,https://www.imovirtual.com/pt/anuncio/t1-mobilado-no-monte-formoso-a55pl-IDMPDQ.html#5c976ca25a
586,https://www.imovirtual.com/pt/anuncio/apartamento-t1-cozinha-equipada-monte-formoso-coimbra-ID15QEN.html#fecf3b0ec0
587,https://www.imovirtual.com/pt/anuncio/apartamento-t1-arrendamento-em-eiras-e-sao-paulo-de-frades-coimbra-ID12N7A.html#beca496c55
588,https://www.imovirtual.com/pt/anuncio/t1-semi-mobilado-e-equipado-varandas-ID118yp.html#5f82f39579
589,https://www.imovirtual.com/pt/anuncio/arrenda-se-apartamento-t1-monte-formoso-ID13A4g.html#ffcc8e6acf
590,https://www.imovirtual.com/pt/anuncio/t1-arco-pintado-bons-acessos-coimbra-ID12OtI.html#b608882b78
591,https://www.imovirtual.com/pt/anuncio/arrenda-se-t1-mobilado-e-equipado-em-coimbra-ID12Pso.html#ce01a11568
592,https://www.imovirtual.com/pt/anuncio/apartamento-t1-equipado-e-mobilado-no-monte-formoso-coimbra-ID12LGl.html#c69266574f
593,https://www.imovirtual.com/pt/anuncio/apartamento-t1-mobilado-garagem-arco-pintado-coimbra-ID14Y4F.html#1dcb9cb031
594,https://www.imovirtual.com/pt/anuncio/t1-mobilado-no-monte-formoso-a55pl-IDMPDQ.html#5c976ca25a
595,https://www.imovirtual.com/pt/anuncio/apartamento-t1-cozinha-equipada-monte-formoso-coimbra-ID15QEN.html#fecf3b0ec0
596,https://www.imovirtual.com/pt/anuncio/apartamento-t1-arrendamento-em-eiras-e-sao-paulo-de-frades-coimbra-ID12N7A.html#beca496c55
597,https://www.imovirtual.com/pt/anuncio/t1-semi-mobilado-e-equipado-varandas-ID118yp.html#5f82f39579
598,https://www.imovirtual.com/pt/anuncio/arrenda-se-apartamento-t1-monte-formoso-ID13A4g.html#ffcc8e6acf
599,https://www.imovirtual.com/pt/anuncio/t1-arco-pintado-bons-acessos-coimbra-ID12OtI.html#b608882b78
600,https://www.imovirtual.com/pt/anuncio/arrenda-se-t1-mobilado-e-equipado-em-coimbra-ID12Pso.html#ce01a11568
601,https://www.imovirtual.com/pt/anuncio/apartamento-t1-equipado-e-mobilado-no-monte-formoso-coimbra-ID12LGl.html#c69266574f
602,https://www.imovirtual.com/pt/anuncio/apartamento-t1-mobilado-garagem-arco-pintado-coimbra-ID14Y4F.html#1dcb9cb031
603,https://www.imovirtual.com/pt/anuncio/t1-mobilado-no-monte-formoso-a55pl-IDMPDQ.html#5c976ca25a
604,https://www.imovirtual.com/pt/anuncio/apartamento-t1-cozinha-equipada-monte-formoso-coimbra-ID15QEN.html#fecf3b0ec0
605,https://www.imovirtual.com/pt/anuncio/apartamento-t1-arrendamento-em-eiras-e-sao-paulo-de-frades-coimbra-ID12N7A.html#beca496c55
606,https://www.imovirtual.com/pt/anuncio/t1-semi-mobilado-e-equipado-varandas-ID118yp.html#5f82f39579
607,https://www.imovirtual.com/pt/anuncio/arrenda-se-apartamento-t1-monte-formoso-ID13A4g.html#ffcc8e6acf
608,https://www.imovirtual.com/pt/anuncio/t1-arco-pintado-bons-acessos-coimbra-ID12OtI.html#b608882b78
609,https://www.imovirtual.com/pt/anuncio/arrenda-se-t1-mobilado-e-equipado-em-coimbra-ID12Pso.html#ce01a11568
610,https://www.imovirtual.com/pt/anuncio/apartamento-t1-equipado-e-mobilado-no-monte-formoso-coimbra-ID12LGl.html#c69266574f
611,https://www.imovirtual.com/pt/anuncio/apartamento-t1-mobilado-garagem-arco-pintado-coimbra-ID14Y4F.html#1dcb9cb031
612,https://www.imovirtual.com/pt/anuncio/t1-mobilado-no-monte-formoso-a55pl-IDMPDQ.html#5c976ca25a
613,https://www.imovirtual.com/pt/anuncio/apartamento-t1-cozinha-equipada-monte-formoso-coimbra-ID15QEN.html#fecf3b0ec0
614,https://www.imovirtual.com/pt/anuncio/apartamento-t1-arrendamento-em-eiras-e-sao-paulo-de-frades-coimbra-ID12N7A.html#beca496c55
615,https://www.imovirtual.com/pt/anuncio/t1-semi-mobilado-e-equipado-varandas-ID118yp.html#5f82f39579
616,https://www.imovirtual.com/pt/anuncio/arrenda-se-apartamento-t1-monte-formoso-ID13A4g.html#ffcc8e6acf
617,https://www.imovirtual.com/pt/anuncio/t1-arco-pintado-bons-acessos-coimbra-ID12OtI.html#b608882b78
618,https://www.imovirtual.com/pt/anuncio/arrenda-se-t1-mobilado-e-equipado-em-coimbra-ID12Pso.html#ce01a11568
619,https://www.imovirtual.com/pt/anuncio/apartamento-t1-equipado-e-mobilado-no-monte-formoso-coimbra-ID12LGl.html#c69266574f
620,https://www.imovirtual.com/pt/anuncio/apartamento-t1-mobilado-garagem-arco-pintado-coimbra-ID14Y4F.html#1dcb9cb031
621,https://www.imovirtual.com/pt/anuncio/t1-mobilado-no-monte-formoso-a55pl-IDMPDQ.html#5c976ca25a
622,https://www.imovirtual.com/pt/anuncio/apartamento-t1-cozinha-equipada-monte-formoso-coimbra-ID15QEN.html#fecf3b0ec0
623,https://www.imovirtual.com/pt/anuncio/apartamento-t1-arrendamento-em-eiras-e-sao-paulo-de-frades-coimbra-ID12N7A.html#beca496c55
624,https://www.imovirtual.com/pt/anuncio/t1-semi-mobilado-e-equipado-varandas-ID118yp.html#5f82f39579
625,https://www.imovirtual.com/pt/anuncio/arrenda-se-apartamento-t1-monte-formoso-ID13A4g.html#ffcc8e6acf
626,https://www.imovirtual.com/pt/anuncio/t1-arco-pintado-bons-acessos-coimbra-ID12OtI.html#b608882b78
627,https://www.imovirtual.com/pt/anuncio/arrenda-se-t1-mobilado-e-equipado-em-coimbra-ID12Pso.html#ce01a11568
628,https://www.imovirtual.com/pt/anuncio/apartamento-t1-equipado-e-mobilado-no-monte-formoso-coimbra-ID12LGl.html#c69266574f
629,https://www.imovirtual.com/pt/anuncio/apartamento-t1-mobilado-garagem-arco-pintado-coimbra-ID14Y4F.html#1dcb9cb031
630,https://www.imovirtual.com/pt/anuncio/t1-mobilado-no-monte-formoso-a55pl-IDMPDQ.html#5c976ca25a
631,https://www.imovirtual.com/pt/anuncio/apartamento-t1-cozinha-equipada-monte-formoso-coimbra-ID15QEN.html#fecf3b0ec0
632,https://www.imovirtual.com/pt/anuncio/apartamento-t1-arrendamento-em-eiras-e-sao-paulo-de-frades-coimbra-ID12N7A.html#beca496c55
633,https://www.imovirtual.com/pt/anuncio/t1-semi-mobilado-e-equipado-varandas-ID118yp.html#5f82f39579
634,https://www.imovirtual.com/pt/anuncio/arrenda-se-apartamento-t1-monte-formoso-ID13A4g.html#ffcc8e6acf
635,https://www.imovirtual.com/pt/anuncio/t1-arco-pintado-bons-acessos-coimbra-ID12OtI.html#b608882b78
636,https://www.imovirtual.com/pt/anuncio/arrenda-se-t1-mobilado-e-equipado-em-coimbra-ID12Pso.html#ce01a11568
637,https://www.imovirtual.com/pt/anuncio/apartamento-t1-equipado-e-mobilado-no-monte-formoso-coimbra-ID12LGl.html#c69266574f
638,https://www.imovirtual.com/pt/anuncio/apartamento-t1-mobilado-garagem-arco-pintado-coimbra-ID14Y4F.html#1dcb9cb031
639,https://www.imovirtual.com/pt/anuncio/t1-mobilado-no-monte-formoso-a55pl-IDMPDQ.html#5c976ca25a
640,https://www.imovirtual.com/pt/anuncio/apartamento-t1-cozinha-equipada-monte-formoso-coimbra-ID15QEN.html#fecf3b0ec0
641,https://www.imovirtual.com/pt/anuncio/apartamento-t1-arrendamento-em-eiras-e-sao-paulo-de-frades-coimbra-ID12N7A.html#beca496c55
642,https://www.imovirtual.com/pt/anuncio/t1-semi-mobilado-e-equipado-varandas-ID118yp.html#5f82f39579
643,https://www.imovirtual.com/pt/anuncio/arrenda-se-apartamento-t1-monte-formoso-ID13A4g.html#ffcc8e6acf
644,https://www.imovirtual.com/pt/anuncio/t1-arco-pintado-bons-acessos-coimbra-ID12OtI.html#b608882b78
645,https://www.imovirtual.com/pt/anuncio/arrenda-se-t1-mobilado-e-equipado-em-coimbra-ID12Pso.html#ce01a11568
646,https://www.imovirtual.com/pt/anuncio/apartamento-t1-equipado-e-mobilado-no-monte-formoso-coimbra-ID12LGl.html#c69266574f
647,https://www.imovirtual.com/pt/anuncio/apartamento-t1-mobilado-garagem-arco-pintado-coimbra-ID14Y4F.html#1dcb9cb031
648,https://www.imovirtual.com/pt/anuncio/t1-mobilado-no-monte-formoso-a55pl-IDMPDQ.html#5c976ca25a
649,https://www.imovirtual.com/pt/anuncio/apartamento-t1-cozinha-equipada-monte-formoso-coimbra-ID15QEN.html#fecf3b0ec0
650,https://www.imovirtual.com/pt/anuncio/apartamento-t1-arrendamento-em-eiras-e-sao-paulo-de-frades-coimbra-ID12N7A.html#beca496c55
651,https://www.imovirtual.com/pt/anuncio/t1-semi-mobilado-e-equipado-varandas-ID118yp.html#5f82f39579
652,https://www.imovirtual.com/pt/anuncio/arrenda-se-apartamento-t1-monte-formoso-ID13A4g.html#ffcc8e6acf
653,https://www.imovirtual.com/pt/anuncio/t1-arco-pintado-bons-acessos-coimbra-ID12OtI.html#b608882b78
654,https://www.imovirtual.com/pt/anuncio/arrenda-se-t1-mobilado-e-equipado-em-coimbra-ID12Pso.html#ce01a11568
655,https://www.imovirtual.com/pt/anuncio/apartamento-t1-equipado-e-mobilado-no-monte-formoso-coimbra-ID12LGl.html#c69266574f
656,https://www.imovirtual.com/pt/anuncio/apartamento-t1-mobilado-garagem-arco-pintado-coimbra-ID14Y4F.html#1dcb9cb031
657,https://www.imovirtual.com/pt/anuncio/apartamento-t0-em-coimbra-urb-gorgulao-IDQB12.html#20a315789c
658,https://www.imovirtual.com/pt/anuncio/arrendo-t3-no-centro-de-olhao-ID14NoT.html#091b38e0cb
659,https://www.imovirtual.com/pt/anuncio/arrendo-apartamento-t-2-1-andar-moradia-azoia-leiria-IDZdEC.html#5f82f39579
660,https://www.imovirtual.com/pt/anuncio/estudio-t0-arrendamento-em-parceiros-e-azoia-leiria-ID13y6T.html#ea7a588151
661,https://www.imovirtual.com/pt/anuncio/apartamento-1-quarto-ID12ARR.html#c69266574f
662,https://www.imovirtual.com/pt/anuncio/apartamento-t2-com-garagem-em-cernache-coimbra-a168pl-ID12U0m.html#18ddb0bad7
663,https://www.imovirtual.com/pt/anuncio/t1-edificio-d-miguel-condominio-fechado-3-andar-virado-ID14hWK.html#348e8dd0cf
664,https://www.imovirtual.com/pt/anuncio/t1-edificio-d-miguel-condominio-fechado-3-andar-ID14msS.html#bd2d2b3632
665,https://www.imovirtual.com/pt/anuncio/t1-edificio-d-miguel-condominio-fechado-3-andar-virado-ID14hWK.html#348e8dd0cf
666,https://www.imovirtual.com/pt/anuncio/t1-edificio-d-miguel-condominio-fechado-3-andar-ID14msS.html#bd2d2b3632
667,https://www.imovirtual.com/pt/anuncio/apartamento-t1-ID15Oxf.html#ca19a71b97
668,https://www.imovirtual.com/pt/anuncio/apartamento-privado-a-50-mts-da-linha-de-agua-ID15Rrk.html#bb46b96475
669,https://www.imovirtual.com/pt/anuncio/arrenda-se-terreo-t1-pombeira-ferreira-do-zezere-ID10EA7.html#be2ee4db6e
670,https://www.imovirtual.com/pt/anuncio/apartamento-t1-alfama-ID13DRN.html#7662c655c3
671,https://www.imovirtual.com/pt/anuncio/apartamento-t1-edificio-millenium-ID15Iqw.html#124425031e
672,https://www.imovirtual.com/pt/anuncio/arrendo-quarto-num-excelente-apartamento-ID15lck.html#8af98ccab1
673,https://www.imovirtual.com/pt/anuncio/apart-t3-para-arrendamento-s-vicente-ID14DY3.html#a2f8bb9f8b
674,https://www.imovirtual.com/pt/anuncio/moradia-t3-alfarim-arrenda-ID15Hbj.html#7d826ee83d
675,https://www.imovirtual.com/pt/anuncio/apartamento-t0-com-vista-mar-sesimbra-ID14Btj.html#1edfb5e917
676,https://www.imovirtual.com/pt/anuncio/arrendo-t3-totalmente-remodelado-no-ultimo-andar-do-edificio-brasilia-ID15qZR.html#e3a55a24c6
677,https://www.imovirtual.com/pt/anuncio/t2-centro-de-penafiel-ID15NbE.html#b0bc9270ad
678,https://www.imovirtual.com/pt/anuncio/apartamento-t3-em-mirandela-ID15BTn.html#2028370a92
679,https://www.imovirtual.com/pt/anuncio/apartamento-t4-em-mirandela-ID15TAX.html#ea7a588151
680,https://www.imovirtual.com/pt/anuncio/apartamento-t1-arrendamento-em-caldas-de-vizela-sao-miguel-e-sao-joao-ID14FaJ.html#de2c5175f4
681,https://www.imovirtual.com/pt/anuncio/t1-com-terraco-ovar-furadouro-temporario-despesas-incluidas-ID14mRl.html#de2c5175f4
682,https://www.imovirtual.com/pt/anuncio/arrendo-t0-em-ovar-ID15Gur.html#b7fe956c4d
683,https://www.imovirtual.com/pt/anuncio/apartamento-t2-duplex-arrendamento-sabugal-ID151cB.html#836b19dd80
684,https://www.imovirtual.com/pt/anuncio/apartamento-t1-arrendamento-sabugal-ID14YIO.html#9301c1eee1
685,https://www.imovirtual.com/pt/anuncio/t3-com-terraco-ao-nivel-e-garagem-fechada-v-p-de-ancora-ID1446e.html#115122ba00
686,https://www.imovirtual.com/pt/anuncio/apartamento-t1-em-caminha-ID14Tfj.html#82d7621fb8
687,https://www.imovirtual.com/pt/anuncio/apartamento-t4-em-caminha-ID14jR5.html#5432eebc65
688,https://www.imovirtual.com/pt/anuncio/apartamento-t2-remodelado-mobilado-e-equipado-com-garagem-na-guarda-ID15TcV.html#a0f143e375
689,https://www.imovirtual.com/pt/anuncio/t0-mobilado-e-equipado-na-cidade-da-guarda-ID15SW9.html#da27d7c987
690,https://www.imovirtual.com/pt/anuncio/apartamento-t2-novo-na-colina-verde-ID15MQA.html#a0f143e375
691,https://www.imovirtual.com/pt/anuncio/aluguer-ao-ano-algarve-ID15T7x.html#6c1bdd80cc
692,https://www.imovirtual.com/pt/anuncio/apartamento-t5-qta-das-lagrimas-ID13sli.html#41d146ab32
693,https://www.imovirtual.com/pt/anuncio/apartamento-t0-estudio-em-s-martinho-do-bispo-ID15Tos.html#b230800660
694,https://www.imovirtual.com/pt/anuncio/t2-para-arrendar-terraco-privado-com-88m2-vista-soberba-mar-ID15A38.html#9e6a4806e2
695,https://www.imovirtual.com/pt/anuncio/t1-praia-da-rocha-ID15E1j.html#2bc03b1f51
696,https://www.imovirtual.com/pt/anuncio/apartamento-t3-centro-de-pombal-leiria-cozinha-equipada-garagem-ID10lMQ.html#48f6397275
697,https://www.imovirtual.com/pt/anuncio/apartamento-t2-semi-novo-fld1613-ID11Ecc.html#2929b659af
698,https://www.imovirtual.com/pt/anuncio/t0-aguas-furtsdas-ID15NmW.html#4c851115e0
699,https://www.imovirtual.com/pt/anuncio/s-bernardo-aveiro-t3-com-garagem-fechada-ID15TVm.html#e71b8c403d
700,https://www.imovirtual.com/pt/anuncio/apartamento-t1-mobilado-e-equipado-IDA7J9.html#8fd317d1f7
701,https://www.imovirtual.com/pt/anuncio/t3-nazare-ID140h1.html#d5b5821d5c
702,https://www.imovirtual.com/pt/anuncio/tomas-home-nazare-ID15H5D.html#e2f330d5fc
703,https://www.imovirtual.com/pt/anuncio/arrenda-se-apartamento-t3-na-ademia-em-coimbra-ID12E79.html#a9b6a2b06b
704,https://www.imovirtual.com/pt/anuncio/arrenda-se-t1-na-ademia-mobilado-e-equipado-ID14vAN.html#d40f1935a0
705,https://www.imovirtual.com/pt/anuncio/arrendamento-de-t3-duplex-arcos-de-valdevez-ID15T4Q.html#39c7311872
706,https://www.imovirtual.com/pt/anuncio/apartamento-t2-em-vila-praia-de-ancora-vista-mar-ID15Rd5.html#fa4fb97434
707,https://www.imovirtual.com/pt/anuncio/t1-1-novo-na-lousa-ID15NFq.html#574425db52
708,https://www.imovirtual.com/pt/anuncio/apartamento-t3-vila-real-n-sra-da-conceicao-ID15NzY.html#574425db52
709,https://www.imovirtual.com/pt/anuncio/apartamento-t1-mobilado-para-arrendar-ao-ano-taveiro-ID15DGu.html#4a43fbbbb3
710,https://www.imovirtual.com/pt/anuncio/rua-martim-mendes-5-centro-de-elvas-IDH7GH.html#61f9c8c4f1
711,https://www.imovirtual.com/pt/anuncio/quartos-para-medicos-as-enfermeiros-as-junto-ao-hospital-de-santarem-ID15Eud.html#af6a1e5984
712,https://www.imovirtual.com/pt/anuncio/arrenda-se-apartamento-t3-em-faro-montenegro-ID15Ah8.html#73a26e378c
713,https://www.imovirtual.com/pt/anuncio/alugo-t3-montenegro-ID15nMQ.html#7e1a01bfa3
714,https://www.imovirtual.com/pt/anuncio/arrenda-se-apartamento-t3-em-faro-montenegro-ID15Ah8.html#73a26e378c
715,https://www.imovirtual.com/pt/anuncio/alugo-t3-montenegro-ID15nMQ.html#7e1a01bfa3
716,https://www.imovirtual.com/pt/anuncio/apartamento-t2-mobilado-e-totamente-renovado-ID15Ss3.html#3b00e99f9c
717,https://www.imovirtual.com/pt/anuncio/aluga-se-apart-t4-ID15R54.html#3fc99a6574
718,https://www.imovirtual.com/pt/anuncio/apartamento-t0-na-vila-de-redondo-ID15TTi.html#1d0cfa2090
719,https://www.imovirtual.com/pt/anuncio/apartamento-t3-abraveses-ID15MFv.html#66a2ac6d40
720,https://www.imovirtual.com/pt/anuncio/arrendamento-apartamento-t3-viseu-ID14pK7.html#5432eebc65
721,https://www.imovirtual.com/pt/anuncio/apartamento-t3-abraveses-ID15MFv.html#66a2ac6d40
722,https://www.imovirtual.com/pt/anuncio/arrendamento-apartamento-t3-viseu-ID14pK7.html#5432eebc65
723,https://www.imovirtual.com/pt/anuncio/t1-mobilado-piscina-vista-mar-5mts-centro-ponta-sol-despesas-incluidas-ID15JDh.html#6101508f8e
724,https://www.imovirtual.com/pt/anuncio/apartamento-em-ponta-do-sol-ID13ptR.html#ffcc8e6acf
725,https://www.imovirtual.com/pt/anuncio/t2-sequeira-jardim-de-quimera-ID139f8.html#3a2b97b1b5
726,https://www.imovirtual.com/pt/anuncio/aluga-se-monte-lindo-em-santiago-do-cacem-ID15Do7.html#7f053d70dc
727,https://www.imovirtual.com/pt/anuncio/apartamento-t4-bela-vista-IDzTJn.html#eb636a8d68
728,https://www.imovirtual.com/pt/anuncio/apartamento-t4-bela-vista-ID10ewm.html#ae5b5c4273
729,https://www.imovirtual.com/pt/anuncio/apartamento-t4-bela-vista-IDzTJn.html#eb636a8d68
730,https://www.imovirtual.com/pt/anuncio/apartamento-t4-bela-vista-ID10ewm.html#ae5b5c4273
731,https://www.imovirtual.com/pt/anuncio/t3-carnaxide-ID15JXB.html#eb636a8d68
732,https://www.imovirtual.com/pt/anuncio/apartamento-em-alpiarca-para-arrendar-ID15TP2.html#bb46b96475
733,https://www.imovirtual.com/pt/anuncio/t1-qs-novo-totalmente-mobilado-centro-da-cidade-do-fundao-ID15Txa.html#bb46b96475
734,https://www.imovirtual.com/pt/anuncio/apartamento-t3-ID15Qkp.html#fd1401f62d
735,https://www.imovirtual.com/pt/anuncio/arrenda-se-apartamento-t2-com-garagem-ID15O5x.html#7d314f6838
736,https://www.imovirtual.com/pt/anuncio/arrenda-se-apartamento-t2-em-moncao-ID15TmD.html#fd1401f62d
737,https://www.imovirtual.com/pt/anuncio/apartamento-164-m-t4-ID15S17.html#db5558795f
738,https://www.imovirtual.com/pt/anuncio/excelente-localizacao-ID14MDR.html#091b38e0cb
739,https://www.imovirtual.com/pt/anuncio/arrendamento-t4-ID15P6i.html#4a33dbb04b
740,https://www.imovirtual.com/pt/anuncio/apartamento-t3-arrendamento-em-arcos-e-mogofores-anadia-ID15Q5e.html#933b53fa31
741,https://www.imovirtual.com/pt/anuncio/apartamento-t1-1-arrendamento-em-sao-pedro-do-sul-varzea-e-baioes-sao-ID12BVe.html#6ada4d1739
742,https://www.imovirtual.com/pt/anuncio/apartamento-termas-sao-pedro-do-sul-ID14c8F.html#5432eebc65
743,https://www.imovirtual.com/pt/anuncio/t2mobilado-cozinha-equipada-vista-soberba-despesas-incluidas-IDpQ5O.html#37e83e09f3
744,https://www.imovirtual.com/pt/anuncio/apartamento-t2-1-na-avenida-marginal-ID159q9.html#988accab0b
745,https://www.imovirtual.com/pt/anuncio/aluguer-t1-remodelado-ID15RXq.html#23267c3b9b
746,https://www.imovirtual.com/pt/anuncio/apartamento-t3-1-duplex-em-penacova-IDqOZa.html#df958ad52a
747,https://www.imovirtual.com/pt/anuncio/arrenda-se-vende-se-apartamento-t2-em-beja-ID14vgf.html#b2c921a039
748,https://www.imovirtual.com/pt/anuncio/arrenda-apartamento-mobilado-ID143Lx.html#fbc0487f20
749,https://www.imovirtual.com/pt/anuncio/apartamento-t0-arrendamento-em-tondela-e-nandufe-tondela-ID15Tmz.html#0939b7107a
750,https://www.imovirtual.com/pt/anuncio/arrenda-se-apartamento-t1-alter-do-chao-ID15Roh.html#cedc2e6ca9
751,https://www.imovirtual.com/pt/anuncio/apartamento-t2-mobilado-e-equipado-no-castelo-de-estremoz-ID15QMl.html#07843f5c9a
752,https://www.imovirtual.com/pt/anuncio/alugo-apartamento-ID15NOq.html#b0bc9270ad
753,https://www.imovirtual.com/pt/anuncio/apartamento-t3-marinhais-ID15JCU.html#76ce540148
754,https://www.imovirtual.com/pt/anuncio/t3-com-2wc-em-peniche-ID15PmP.html#3fc99a6574
755,https://www.imovirtual.com/pt/anuncio/apartamento-t1-mobilado-em-frente-a-praia-ID15aoN.html#99f5b27185
756,https://www.imovirtual.com/pt/anuncio/arrenda-se-apartamento-t2-em-viana-do-castelo-areosa-ID15EAv.html#963f0ab90c
757,https://www.imovirtual.com/pt/anuncio/apartamento-para-arrendar-em-braganca-ID15R4a.html#2dc28555e3
758,https://www.imovirtual.com/pt/anuncio/arrendamento-em-braganca-t0-a-100m-da-praca-da-se-ID15tJi.html#48f6397275
759,https://www.imovirtual.com/pt/anuncio/apartamento-t2-amorosa-viana-do-castelo-ID15brK.html#f3d299ac9c
760,https://www.imovirtual.com/pt/anuncio/alugo-t3-aluguer-curta-duracao-temporario-ID14ifY.html#7662c655c3
761,https://www.imovirtual.com/pt/anuncio/apartamento-t1-1-totalmente-renovado-ID14Gst.html#6a127d9873
762,https://www.imovirtual.com/pt/anuncio/t2-alvaiazere-novo-arrenda-se-ID15Px3.html#55c324fe07
763,https://www.imovirtual.com/pt/anuncio/apartamento-t2-barroselas-ID15Bor.html#e8195bebf2
764,https://www.imovirtual.com/pt/anuncio/apartamento-t2-em-predio-tipo-moradia-vale-de-vaide-ID15u5l.html#18b075b6a4
765,https://www.imovirtual.com/pt/anuncio/excelente-t1-proximo-da-universidade-ID15Rl4.html#921f728113
766,https://www.imovirtual.com/pt/anuncio/t3-para-arrendar-em-celeiros-ID15PTe.html#78a9d119f0
767,https://www.imovirtual.com/pt/anuncio/apartamento-t2-em-valenca-aluga-se-ID15PPP.html#17866e1a81
768,https://www.imovirtual.com/pt/anuncio/apartamento-t2-mobilado-darque-ID15HPD.html#a21a74fdb2
769,https://www.imovirtual.com/pt/anuncio/apartamento-t2-francelos-ID15FRE.html#ebbfaa36ea
770,https://www.imovirtual.com/pt/anuncio/t5-duplex-com-varandas-e-terracos-ID157PU.html#a52e75a388
771,https://www.imovirtual.com/pt/anuncio/t1-mobilado-aluguer-ID14Y3a.html#a52e75a388
772,https://www.imovirtual.com/pt/anuncio/apartamento-t3-agrela-vila-b-quires-marco-a-2-min-da-a4-ID14NPk.html#a52e75a388
773,https://www.imovirtual.com/pt/anuncio/apartamento-mobilado-8-camas-3-wc-casa-branca-ao-mes-ID14fRO.html#5432eebc65
774,https://www.imovirtual.com/pt/anuncio/t2-no-centro-de-satao-ID12yXw.html#8dd745ea7c
775,https://www.imovirtual.com/pt/anuncio/t1-no-centro-de-satao-ID15taJ.html#b7b01b21e1
776,https://www.imovirtual.com/pt/anuncio/apartamento-t3-centro-lousada-ID15LIi.html#b7b01b21e1
777,https://www.imovirtual.com/pt/anuncio/t-shirts-para-o-dia-da-mae-ID15RiP.html#23267c3b9b
778,https://www.imovirtual.com/pt/anuncio/apartamento-t1-angra-do-heroismo-ID15Lwa.html#7104ab63af
779,https://www.imovirtual.com/pt/anuncio/arrenda-se-apartamento-t3-semi-novo-c-2-pateos-exteriores-ID15LpO.html#7b7fe5b147
780,https://www.imovirtual.com/pt/anuncio/apartamento-t2-centro-cartaxo-ID15Jdw.html#3f88f03b31
781,https://www.imovirtual.com/pt/anuncio/arrenda-se-t1-renovado-ID15Irf.html#3f88f03b31
782,https://www.imovirtual.com/pt/anuncio/alugar-apartamento-ID15M4d.html#122da2ce1e
783,https://www.imovirtual.com/pt/anuncio/arrenda-se-t1-renovado-ID15Irf.html#3f88f03b31
784,https://www.imovirtual.com/pt/anuncio/alugar-apartamento-ID15M4d.html#122da2ce1e
785,https://www.imovirtual.com/pt/anuncio/arrenda-se-apartamento-t3-em-soure-ID15I0B.html#3f88f03b31
786,https://www.imovirtual.com/pt/anuncio/aluga-se-t3-1-andar-de-vivenda-ID15Fzx.html#384e23de0e
787,https://www.imovirtual.com/pt/anuncio/aluga-se-2-apartamentos-t3-ID15CBO.html#4fd4669588
788,https://www.imovirtual.com/pt/anuncio/arrenda-se-escritorio-ID15StP.html#b230800660
789,https://www.imovirtual.com/pt/anuncio/aluga-se-apartamento-t5-em-macedo-de-cavaleiros-ID15u7u.html#2524a79b33
790,https://www.imovirtual.com/pt/anuncio/apartamento-t3-para-arrendar-ID15u5A.html#2524a79b33
791,https://www.imovirtual.com/pt/anuncio/aluguer-apartamento-t1-res-chao-lousa-castelo-branco-ID14WnN.html#ec0f9c8ed1
792,https://www.imovirtual.com/pt/anuncio/t-1-boa-vista-leiria-despesas-incluidas-ID15Rkj.html#2dc28555e3
793,https://www.imovirtual.com/pt/anuncio/apartamento-res-do-chao-ID15NJg.html#122da2ce1e
794,https://www.imovirtual.com/pt/anuncio/casa-mobilada-e-equipada-para-arrendamento-ID15CuB.html#b361d61d2e
795,https://www.imovirtual.com/pt/anuncio/apartamento-t3-junto-ao-ipbeja-ID15Rxb.html#933b53fa31
796,https://www.imovirtual.com/pt/anuncio/aluga-se-apartamento-t3-lamego-ID15Si6.html#37fcb7a027
797,https://www.imovirtual.com/pt/anuncio/t2-cidade-de-machico-ID14DNp.html#3a2b97b1b5
798,https://www.imovirtual.com/pt/anuncio/arrenda-se-t0-em-castro-daire-ID15928.html#8183cbb1de
799,https://www.imovirtual.com/pt/anuncio/t1-furnas-local-central-inclui-net-tv-e-agua-ID14Wfy.html#7662c655c3
800,https://www.imovirtual.com/pt/anuncio/moradia-apartamento-ID15949.html#2bc03b1f51
801,https://www.imovirtual.com/pt/anuncio/t1-zona-calma-ID15MOs.html#3fc99a6574
802,https://www.imovirtual.com/pt/anuncio/apartamento-coimbra-vale-das-flores-ID15RQY.html#3fc99a6574
